so_no,so_seq,so_ref,tgl,target_delivery,buyer,pic,destination,brand,kategori,tipe,item_no,deskripsi,qty,harga,total,mata_uang
SO-2601-001,1,001,2026-01-05,Jan,PT. EKA PS,YONO,SURABAYA,GIS,VULKANISIR,JADI,G1110020AJ101,GIS 11.00-20 AJ101,7,1625000,11375000,IDR
SO-2601-001,2,001,2026-01-05,Jan,PT. EKA PS,YONO,SURABAYA,GIS,VULKANISIR,JADI,G1100020AJ101,GIS 10.00-20 AJ101,7,1600000,11200000,IDR
SO-2601-002,1,002,2026-01-05,Jan,DWI AGUS SUSILO,YONO,SURABAYA,GIS,VULKANISIR,JADI,G1100020AJ101,GIS 10.00-20 AJ101,3,1500000,4500000,IDR
SO-2601-003,1,003,2026-01-05,Jan,PT. MAHAKARYA JASA UTAMA M,YONO,SURABAYA,GIS,VULKANISIR,JADI,G1100020AJ101,GIS 10.00-20 AJ101,10,1600000,16000000,IDR
SO-2601-004,1,004,2026-01-06,Jan,PT. DOMINIC TRANS NUSA,PUTRA LUBIS,JAKARTA,GIS,VULKANISIR,JADI,G1100020AJ101,GIS 10.00-20 AJ101,6,1550000,9300000,IDR
SO-2601-005,1,005,2026-01-06,Jan,PT. SIBA SURYA,PUTRA,SEMARANG,VULGIS,VULKANISIR,JASA,VG110020AJ101,VULGIS 11.00-20 AJ101,5,850000,4250000,IDR
SO-2601-008,1,008,2026-01-07,Jan,PT. TRIKUSUMA JAYA PERKASA,DJOKO,SEMARANG,GIS,VULKANISIR,JADI,G1100020AJ101,GIS 10.00-20 AJ101,8,1550000,12400000,IDR
SO-2601-006,1,006,2026-01-08,Jan,MARWIN CANDRA GUNAWAN,HARI,SURABAYA,GIS,VULKANISIR,JADI,G1100020AJ101,GIS 10.00-20 AJ101,4,1560000,6240000,IDR
SO-2601-007,1,007,2026-01-08,Jan,PT. EKA PS,YONO,SURABAYA,GIS,VULKANISIR,JADI,G1100020AJ101,GIS 10.00-20 AJ101,5,1600000,8000000,IDR
SO-2601-009,1,009,2026-01-09,Jan,PT. BUNGA DARU,YONO,SURABAYA,GIS,VULKANISIR,JADI,G1100020AJ101,GIS 10.00-20 AJ101,10,1530000,15300000,IDR
SO-2601-010,1,010,2026-01-09,Jan,PT. EKA PS,YONO,SURABAYA,GIS,VULKANISIR,JADI,G1110020AJ101,GIS 11.00-20 AJ101,4,1625000,6500000,IDR
SO-2601-011,1,011,2026-01-09,Jan,PT. TRIKUSUMA JAYA PERKASA,DJOKO,SEMARANG,GIS,VULKANISIR,JADI,G1100020AJ101,GIS 10.00-20 AJ101,8,1550000,12400000,IDR
SO-2601-012,1,012,2026-01-12,Jan,PT. BARRA AKSATA JAYA,ARIF,JAKARTA,GIS,VULKANISIR,JADI,G1100020AJ101,GIS 10.00-20 AJ101,4,1500000,6000000,IDR
SO-2601-013,1,013,2026-01-13,Jan,PT. SIBA SURYA,PUTRA,SEMARANG,VULGIS,VULKANISIR,JASA,VG110020AJ101,VULGIS 11.00-20 AJ101,4,850000,3400000,IDR
SO-2601-014,1,014,2026-01-14,Jan,DWI AGUS SUSILO,YONO,SURABAYA,GIS,VULKANISIR,JADI,G1100020AJ101,GIS 10.00-20 AJ101,1,1500000,1500000,IDR
SO-2601-015,1,015,2026-01-15,Jan,PT. TRIKUSUMA JAYA PERKASA,DJOKO,SEMARANG,GIS,VULKANISIR,JADI,G1100020AJ101,GIS 10.00-20 AJ101,2,1550000,3100000,IDR
SO-2601-016,1,016,2026-01-19,Jan,PT. EKA PS,YONO,SURABAYA,GIS,VULKANISIR,JADI,G1110020AJ101,GIS 11.00-20 AJ101,3,1625000,4875000,IDR
SO-2601-016,2,016,2026-01-19,Jan,PT. EKA PS,YONO,SURABAYA,GIS,VULKANISIR,JADI,G1100020AJ101,GIS 10.00-20 AJ101,5,1600000,8000000,IDR
SO-2601-017,1,017,2026-01-19,Jan,PT. MAHAKARYA JASA UTAMA M,YONO,SURABAYA,GIS,VULKANISIR,JADI,G1100020AJ101,GIS 10.00-20 AJ101,10,1600000,16000000,IDR
SO-2601-018,1,018,2026-01-19,Jan,PT. BONA PASOGIT SEMESTA,DJOKO,SEMARANG,VULGIS,VULKANISIR,JASA,VG100020AJ101,VULGIS 10.00-20 AJ101,7,830000,5810000,IDR
SO-2601-019,1,019,2026-01-20,Jan,PT. BUNGA DARU,YONO,SURABAYA,GIS,VULKANISIR,JADI,G1100020AJ101,GIS 10.00-20 AJ101,6,1530000,9180000,IDR
SO-2601-020,1,020,2026-01-20,Jan,PT. BUNGA DARU,YONO,SURABAYA,GIS,VULKANISIR,JADI,G1100020AJ101,GIS 10.00-20 AJ101,8,1530000,12240000,IDR
SO-2601-021,1,021,2026-01-20,Jan,PT. SIBA SURYA,PUTRA,SEMARANG,VULGIS,VULKANISIR,JASA,VG110020AJ101,VULGIS 11.00-20 AJ101,6,850000,5100000,IDR
SO-2601-022,1,022,2026-01-20,Jan,LARISMA BAN,HANIEF,JAKARTA,VULGIS,VULKANISIR,JASA,VG110020AJ101,VULGIS 11.00-20 AJ101,20,700000,14000000,IDR
SO-2601-023,1,023,2026-01-21,Jan,PT. BONA PASOGIT SEMESTA,DJOKO,SEMARANG,VULGIS,VULKANISIR,JASA,VG100020AJ101,VULGIS 10.00-20 AJ101,1,830000,830000,IDR
SO-2601-024,1,024,2026-01-21,Jan,SINAR TERANG BERSAMA,PUTRA,SEMARANG,VULGIS,VULKANISIR,JASA,VG100020AJ101,VULGIS 10.00-20 AJ101,1,810000,810000,IDR
SO-2601-025,1,025,2026-01-21,Jan,IBU SEKAR,PUTRA LUBIS,JAKARTA,GIS,VULKANISIR,JADI,G1110020AJ101,GIS 11.00-20 AJ101,10,1580000,15800000,IDR
SO-2601-025,2,025,2026-01-21,Jan,IBU SEKAR,PUTRA LUBIS,JAKARTA,GIS,VULKANISIR,JADI,G111R225AJ104,GIS 11R22.5 AJ104,4,1670000,6680000,IDR
SO-2601-026,1,026,2026-01-21,Jan,PT. TRIKUSUMA JAYA PERKASA,DJOKO,SEMARANG,GIS,VULKANISIR,JADI,G1110020AJ101,GIS 11.00-20 AJ101,3,1600000,4800000,IDR
SO-2601-027,1,027,2026-01-23,Jan,PT. ILC LOGISTICS INDONESIA,PUTRA LUBIS,JAKARTA,VULGIS,VULKANISIR,JASA,VG100020AJ101,VULGIS 10.00-20 AJ101,2,1050000,2100000,IDR
SO-2601-027,2,027,2026-01-23,Jan,PT. ILC LOGISTICS INDONESIA,PUTRA LUBIS,JAKARTA,VULGIS,VULKANISIR,JASA,VG1000R20AJ101,VULGIS 10.00R20 AJ101,2,1050000,2100000,IDR
SO-2601-028,1,028,2026-01-23,Jan,ZELDA JAYA BAN,PUTRA LUBIS,JAKARTA,VULGIS,VULKANISIR,JASA,VG100020AJ101,VULGIS 10.00-20 AJ101,2,675000,1350000,IDR
SO-2601-028,2,028,2026-01-23,Jan,ZELDA JAYA BAN,PUTRA LUBIS,JAKARTA,VULGIS,VULKANISIR,JASA,VG1000R20AJ104,VULGIS 10.00R20 AJ104,4,740000,2960000,IDR
SO-2601-029,1,029,2026-01-26,Jan,PT. EKA PS,YONO,SURABAYA,GIS,VULKANISIR,JADI,G1110020AJ101,GIS 11.00-20 AJ101,5,1625000,8125000,IDR
SO-2601-030,1,030,2026-01-27,Jan,CV. DAUN MAS PUTERA,YONO,SURABAYA,GIS,VULKANISIR,JADI,G1100020AJ101,GIS 10.00-20 AJ101,6,1570000,9420000,IDR
SO-2601-031,1,031,2026-01-27,Jan,PT. SIBA SURYA,PUTRA,SEMARANG,VULGIS,VULKANISIR,JASA,VG110020AJ101,VULGIS 11.00-20 AJ101,1,850000,850000,IDR
SO-2601-032,1,032,2026-01-28,Jan,PT. EKA PS,YONO,SURABAYA,GIS,VULKANISIR,JADI,G1110020AJ101,GIS 11.00-20 AJ101,3,1625000,4875000,IDR
SO-2601-032,2,032,2026-01-28,Jan,PT. EKA PS,YONO,SURABAYA,GIS,VULKANISIR,JADI,G1100020AJ101,GIS 10.00-20 AJ101,2,1600000,3200000,IDR
SO-2601-033,1,033,2026-01-29,Jan,PT. GAYADIA TANGGUH INSANI,PUTRA LUBIS,JAKARTA,VULGIS,VULKANISIR,JASA,VG100020AJ101,VULGIS 10.00-20 AJ101,2,800000,1600000,IDR
SO-2601-033,2,033,2026-01-29,Jan,PT. GAYADIA TANGGUH INSANI,PUTRA LUBIS,JAKARTA,VULGIS,VULKANISIR,JASA,VG1000R20AJ101,VULGIS 10.00R20 AJ101,2,820000,1640000,IDR
SO-2601-037,1,037,2026-01-29,Jan,PT. ARENDRA GLOBAL SOLUSI,HANIEF,SEMARANG,GIS,VULKANISIR,JADI,G1100020AJ101,GIS 10.00-20 AJ101,10,1375000,13750000,IDR
SO-2601-034,1,034,2026-01-30,Jan,SAFA SAFRIANSYAH,YONO,SURABAYA,GIS,VULKANISIR,JADI,G1100020AJ101,GIS 10.00-20 AJ101,4,1560000,6240000,IDR
SO-2601-035,1,035,2026-01-30,Jan,PT. EKA PS,YONO,SURABAYA,GIS,VULKANISIR,JADI,G1100020AJ101,GIS 10.00-20 AJ101,5,1600000,8000000,IDR
SO-2601-036,1,036,2026-01-30,Jan,CV. DAUN MAS PUTERA,YONO,SURABAYA,GIS,VULKANISIR,JADI,G1100020AJ101,GIS 10.00-20 AJ101,4,1570000,6280000,IDR
SO-2602-001,1,001,2026-02-02,Feb,DWI AGUS SUSILO,YONO,SURABAYA,GIS,VULKANISIR,JADI,G1100020AJ101,GIS 10.00-20 AJ101,2,1500000,3000000,IDR
SO-2602-002,1,002,2026-02-03,Feb,PT. SIBA SURYA,PUTRA,SEMARANG,VULGIS,VULKANISIR,JASA,VG110020AJ101,VULGIS 11.00-20 AJ101,5,850000,4250000,IDR
SO-2602-003,1,003,2026-02-04,Feb,PT. EKA PS,YONO,SURABAYA,GIS,VULKANISIR,JADI,G1110020AJ101,GIS 11.00-20 AJ101,5,1625000,8125000,IDR
SO-2602-004,1,004,2026-02-05,Feb,PT. MAHAKARYA JASA UTAMA M,YONO,SURABAYA,GIS,VULKANISIR,JADI,G1100020AJ101,GIS 10.00-20 AJ101,10,1600000,16000000,IDR
SO-2602-005,1,005,2026-02-05,Feb,PT. BUNGA DARU,YONO,SURABAYA,GIS,VULKANISIR,JADI,G1100020AJ101,GIS 10.00-20 AJ101,14,1530000,21420000,IDR
SO-2602-006,1,006,2026-02-05,Feb,PT. SIBA SURYA,PUTRA,SEMARANG,VULGIS,VULKANISIR,JASA,VG110020AJ101,VULGIS 11.00-20 AJ101,4,850000,3400000,IDR
SO-2602-007,1,007,2026-02-06,Feb,DWI AGUS SUSILO,YONO,SURABAYA,GIS,VULKANISIR,JADI,G1100020AJ101,GIS 10.00-20 AJ101,3,1500000,4500000,IDR
SO-2602-008,1,008,2026-02-06,Feb,PT. BONA PASOGIT SEMESTA,DJOKO,SEMARANG,VULGIS,VULKANISIR,JASA,VG100020AJ101,VULGIS 10.00-20 AJ101,1,830000,830000,IDR
SO-2602-009,1,009,2026-02-09,Feb,MARWIN CANDRA GUNAWAN,HARI,SURABAYA,GIS,VULKANISIR,JADI,G1100020AJ101,GIS 10.00-20 AJ101,5,1560000,7800000,IDR
SO-2602-010,1,010,2026-02-09,Feb,PT. EKA PS,YONO,SURABAYA,GIS,VULKANISIR,JADI,G1110020AJ101,GIS 11.00-20 AJ101,4,1625000,6500000,IDR
SO-2602-010,2,010,2026-02-09,Feb,PT. EKA PS,YONO,SURABAYA,GIS,VULKANISIR,JADI,G1100020AJ101,GIS 10.00-20 AJ101,2,1600000,3200000,IDR
SO-2602-011,1,011,2026-02-10,Feb,PT. SIBA SURYA,PUTRA,SEMARANG,VULGIS,VULKANISIR,JASA,VG110020AJ101,VULGIS 11.00-20 AJ101,7,850000,5950000,IDR
SO-2602-012,1,012,2026-02-12,Feb,PT. EKA PS,YONO,SURABAYA,GIS,VULKANISIR,JADI,G1110020AJ101,GIS 11.00-20 AJ101,5,1625000,8125000,IDR
SO-2602-012,2,012,2026-02-12,Feb,PT. EKA PS,YONO,SURABAYA,GIS,VULKANISIR,JADI,G1100020AJ101,GIS 10.00-20 AJ101,3,1600000,4800000,IDR
SO-2602-013,1,013,2026-02-12,Feb,LARISMA BAN,HANIEF,JAKARTA,VULGIS,VULKANISIR,JASA,VG110020AJ104,VULGIS 11.00-20 AJ104,16,750000,12000000,IDR
SO-2602-013,2,013,2026-02-12,Feb,LARISMA BAN,HANIEF,JAKARTA,VULGIS,VULKANISIR,JASA,VG110020AJ101,VULGIS 11.00-20 AJ101,8,700000,5600000,IDR
SO-2602-013,3,013,2026-02-12,Feb,LARISMA BAN,HANIEF,JAKARTA,VULGIS,VULKANISIR,JASA,VG100020AJ101,VULGIS 10.00-20 AJ101,7,675000,4725000,IDR
SO-2602-014,1,014,2026-02-12,Feb,PT. ILC LOGISTICS INDONESIA,PUTRA LUBIS,JAKARTA,VULGIS,VULKANISIR,JASA,VG100020AJ101,VULGIS 10.00-20 AJ101,1,1050000,1050000,IDR
SO-2602-015,1,015,2026-02-12,Feb,PT. SIBA SURYA,PUTRA,SEMARANG,VULGIS,VULKANISIR,JASA,VG110020AJ101,VULGIS 11.00-20 AJ101,5,850000,4250000,IDR
SO-2602-016,1,016,2026-02-13,Feb,PT. EKA PS,YONO,SURABAYA,GIS,VULKANISIR,JADI,G1110020AJ101,GIS 11.00-20 AJ101,3,1625000,4875000,IDR
SO-2602-016,2,016,2026-02-13,Feb,PT. EKA PS,YONO,SURABAYA,GIS,VULKANISIR,JADI,G1100020AJ101,GIS 10.00-20 AJ101,4,1600000,6400000,IDR
SO-2602-017,1,017,2026-02-13,Feb,PT. AMANAH TRANSMULIA MANDIRI,TRI,SURABAYA,GIS,VULKANISIR,JADI,G1100020AJ101,GIS 10.00-20 AJ101,4,1560000,6240000,IDR
SO-2602-018,1,018,2026-02-13,Feb,IBU SEKAR,PUTRA LUBIS,JAKARTA,GIS,VULKANISIR,JADI,G175016AJ101,GIS 7.50-16 AJ101,8,880000,7040000,IDR
SO-2602-019,1,019,2026-02-13,Feb,PT. COTRANS JAYA ABADI,YUSUF,JAKARTA,GIS,VULKANISIR,JADI,G1110020AJ101,GIS 11.00-20 AJ101,26,1450000,37700000,IDR
SO-2602-020,1,020,2026-02-16,Feb,PT. MAHAKARYA JASA UTAMA M,YONO,SURABAYA,GIS,VULKANISIR,JADI,G1100020AJ101,GIS 10.00-20 AJ101,5,1600000,8000000,IDR
SO-2602-021,1,021,2026-02-16,Feb,PT. ARENDRA GLOBAL SOLUSI,HANIEF,JAKARTA,GIS,VULKANISIR,JADI,G1100020AJ101,GIS 10.00-20 AJ101,10,1375000,13750000,IDR
SO-2602-022,1,022,2026-02-16,Feb,PT. EKA PS,YONO,SURABAYA,GIS,VULKANISIR,JADI,G1110020AJ101,GIS 11.00-20 AJ101,6,1625000,9750000,IDR
SO-2602-023,1,023,2026-02-18,Feb,PT. MAHAKARYA JASA UTAMA M,YONO,SURABAYA,GIS,VULKANISIR,JADI,G1100020AJ101,GIS 10.00-20 AJ101,5,1600000,8000000,IDR
SO-2602-024,1,024,2026-02-18,Feb,PT. EKA PS,YONO,SURABAYA,GIS,VULKANISIR,JADI,G1110020AJ101,GIS 11.00-20 AJ101,3,1625000,4875000,IDR
SO-2602-024,2,024,2026-02-18,Feb,PT. EKA PS,YONO,SURABAYA,GIS,VULKANISIR,JADI,G1100020AJ101,GIS 10.00-20 AJ101,5,1600000,8000000,IDR
SO-2602-025,1,025,2026-02-19,Feb,PT. EKA PS,YONO,SURABAYA,GIS,VULKANISIR,JADI,G1110020AJ101,GIS 11.00-20 AJ101,2,1625000,3250000,IDR
SO-2602-025,2,025,2026-02-19,Feb,PT. EKA PS,YONO,SURABAYA,GIS,VULKANISIR,JADI,G1100020AJ101,GIS 10.00-20 AJ101,5,1600000,8000000,IDR
SO-2602-026,1,026,2026-02-19,Feb,PT. SIBA SURYA,PUTRA,SEMARANG,VULGIS,VULKANISIR,JASA,VG110020AJ101,VULGIS 11.00-20 AJ101,5,850000,4250000,IDR
SO-2602-027,1,027,2026-02-20,Feb,PT. BUNGA DARU,YONO,SURABAYA,GIS,VULKANISIR,JADI,G1100020AJ101,GIS 10.00-20 AJ101,8,1530000,12240000,IDR
SO-2602-028,1,028,2026-02-21,Feb,PT. SAMUDERA PERDANA SELARAS,DJOKO,SEMARANG,GIS,VULKANISIR,JADI,G1100020AJ101,GIS 10.00-20 AJ101,10,1570000,15700000,IDR
SO-2602-029,1,029,2026-02-23,Feb,PT. EKA PS,YONO,SURABAYA,GIS,VULKANISIR,JADI,G1110020AJ101,GIS 11.00-20 AJ101,2,1625000,3250000,IDR
SO-2602-029,2,029,2026-02-23,Feb,PT. EKA PS,YONO,SURABAYA,GIS,VULKANISIR,JADI,G1100020AJ101,GIS 10.00-20 AJ101,6,1600000,9600000,IDR
SO-2602-030,1,030,2026-02-24,Feb,PT. TRIKUSUMA JAYA PERKASA,DJOKO,SEMARANG,GIS,VULKANISIR,JADI,G1100020AJ101,GIS 10.00-20 AJ101,6,1550000,9300000,IDR
SO-2602-031,1,031,2026-02-25,Feb,CV. DAUN MAS PUTERA,YONO,SURABAYA,GIS,VULKANISIR,JADI,G1100020AJ101,GIS 10.00-20 AJ101,6,1570000,9420000,IDR
SO-2602-032,1,032,2026-02-26,Feb,DWI AGUS SUSILO,YONO,SURABAYA,GIS,VULKANISIR,JADI,G1100020AJ101,GIS 10.00-20 AJ101,2,1500000,3000000,IDR
SO-2602-033,1,033,2026-02-26,Feb,ZELDA JAYA BAN,PUTRA LUBIS,JAKARTA,VULGIS,VULKANISIR,JASA,VG100020AJ101,VULGIS 10.00-20 AJ101,13,675000,8775000,IDR
SO-2602-033,2,033,2026-02-26,Feb,ZELDA JAYA BAN,PUTRA LUBIS,JAKARTA,VULGIS,VULKANISIR,JASA,VG1000R20AJ101,VULGIS 10.00R20 AJ101,1,695000,695000,IDR
SO-2602-028-2,1,028,2026-02-27,Feb,PT. SAMUDERA PERDANA SELARAS,DJOKO,SEMARANG,GIS,VULKANISIR,JADI,G1100020AJ101,GIS 10.00-20 AJ101,6,1570000,9420000,IDR
SO-2602-034,1,034,2026-02-27,Feb,TATA ERMANTA,YUSUF,JAKARTA,GIS,VULKANISIR,JADI,G1100020AJ301,GIS 10.00-20 AJ301,10,1470000,14700000,IDR
SO-2602-035,1,035,2026-02-27,Feb,IBU SEKAR,PUTRA LUBIS,JAKARTA,GIS,VULKANISIR,JADI,G1110020AJ101,GIS 11.00-20 AJ101,10,1580000,15800000,IDR
SO-2602-036,1,036,2026-02-27,Feb,PT. EKA PS,YONO,SURABAYA,GIS,VULKANISIR,JADI,G1110020AJ101,GIS 11.00-20 AJ101,3,1625000,4875000,IDR
SO-2602-036,2,036,2026-02-27,Feb,PT. EKA PS,YONO,SURABAYA,GIS,VULKANISIR,JADI,G1100020AJ101,GIS 10.00-20 AJ101,3,1600000,4800000,IDR
SO-2602-037,1,037,2026-02-27,Feb,PT. TRIKUSUMA JAYA PERKASA,DJOKO,SEMARANG,GIS,VULKANISIR,JADI,G1100020AJ101,GIS 10.00-20 AJ101,8,1550000,12400000,IDR
SO-2603-001,1,001,2026-03-03,Mar,PT. MAHAKARYA JASA UTAMA M,YONO,SURABAYA,GIS,VULKANISIR,JADI,G1100020AJ101,GIS 10.00-20 AJ101,16,1600000,25600000,IDR
SO-2603-002,1,002,2026-03-03,Mar,PT. SIBA SURYA,PUTRA,SEMARANG,VULGIS,VULKANISIR,JASA,VG110020AJ101,VULGIS 11.00-20 AJ101,4,850000,3400000,IDR
SO-2603-003,1,003,2026-03-04,Mar,CV. KARTIKA SEMESTA LOGISTIK,PUTRA LUBIS,SURABAYA,GIS,VULKANISIR,JADI,G1110020AJ101,GIS 11.00-20 AJ101,23,1660000,38180000,IDR
SO-2603-003,2,003,2026-03-04,Mar,CV. KARTIKA SEMESTA LOGISTIK,PUTRA LUBIS,SURABAYA,GIS,VULKANISIR,JADI,G11100R20AJ101,GIS 11.00R20 AJ101,6,1700000,10200000,IDR
SO-2603-004,1,004,2026-03-04,Mar,PT. EKA PS,YONO,SURABAYA,GIS,VULKANISIR,JADI,G1110020AJ101,GIS 11.00-20 AJ101,4,1625000,6500000,IDR
SO-2603-004,2,004,2026-03-04,Mar,PT. EKA PS,YONO,SURABAYA,GIS,VULKANISIR,JADI,G1100020AJ101,GIS 10.00-20 AJ101,2,1600000,3200000,IDR
SO-2603-005,1,005,2026-03-05,Mar,PT. SIBA SURYA,PUTRA,SEMARANG,VULGIS,VULKANISIR,JASA,VG110020AJ101,VULGIS 11.00-20 AJ101,3,850000,2550000,IDR
SO-2603-006,1,006,2026-03-09,Mar,PT. TRIKUSUMA JAYA PERKASA,DJOKO,SEMARANG,GIS,VULKANISIR,JADI,G1100020AJ101,GIS 10.00-20 AJ101,8,1550000,12400000,IDR
SO-2603-007,1,007,2026-03-10,Mar,PT. BUNGA DARU,YONO,SURABAYA,GIS,VULKANISIR,JADI,G1100020AJ101,GIS 10.00-20 AJ101,12,1530000,18360000,IDR
SO-2603-008,1,008,2026-03-10,Mar,PT. EKA PS,YONO,SURABAYA,GIS,VULKANISIR,JADI,G1110020AJ101,GIS 11.00-20 AJ101,4,1625000,6500000,IDR
SO-2603-009,1,009,2026-03-10,Mar,PT. SIBA SURYA,PUTRA,SEMARANG,VULGIS,VULKANISIR,JASA,VG110020AJ101,VULGIS 11.00-20 AJ101,5,850000,4250000,IDR
SO-2603-010,1,010,2026-03-11,Mar,LARISMA BAN,HANIEF,JAKARTA,VULGIS,VULKANISIR,JASA,VG111R225AJ104,VULGIS 11R22.5 AJ104,2,750000,1500000,IDR
SO-2603-010,2,010,2026-03-11,Mar,LARISMA BAN,HANIEF,JAKARTA,VULGIS,VULKANISIR,JASA,VG1100R20AJ104,VULGIS 11.00R20 AJ104,1,750000,750000,IDR
SO-2603-010,3,010,2026-03-11,Mar,LARISMA BAN,HANIEF,JAKARTA,VULGIS,VULKANISIR,JASA,VG110020AJ104,VULGIS 11.00-20 AJ104,5,750000,3750000,IDR
SO-2603-011,1,011,2026-03-12,Mar,PT. EKA PS,YONO,SURABAYA,GIS,VULKANISIR,JADI,G1110020AJ101,GIS 11.00-20 AJ101,2,1625000,3250000,IDR
SO-2603-011,2,011,2026-03-12,Mar,PT. EKA PS,YONO,SURABAYA,GIS,VULKANISIR,JADI,G1100020AJ101,GIS 10.00-20 AJ101,6,1600000,9600000,IDR
SO-2603-012,1,012,2026-03-12,Mar,PT. SIBA SURYA,PUTRA,SEMARANG,VULGIS,VULKANISIR,JASA,VG110020AJ101,VULGIS 11.00-20 AJ101,4,850000,3400000,IDR
SO-2603-013,1,013,2026-03-13,Mar,PT. EKA PS,YONO,SURABAYA,GIS,VULKANISIR,JADI,G1110020AJ101,GIS 11.00-20 AJ101,3,1625000,4875000,IDR
SO-2603-013,2,013,2026-03-13,Mar,PT. EKA PS,YONO,SURABAYA,GIS,VULKANISIR,JADI,G1100020AJ101,GIS 10.00-20 AJ101,3,1600000,4800000,IDR
SO-2603-014,1,014,2026-03-16,Mar,PT. EKA PS,YONO,SURABAYA,GIS,VULKANISIR,JADI,G1110020AJ101,GIS 11.00-20 AJ101,4,1625000,6500000,IDR
SO-2603-014,2,014,2026-03-16,Mar,PT. EKA PS,YONO,SURABAYA,GIS,VULKANISIR,JADI,G1100020AJ101,GIS 10.00-20 AJ101,4,1600000,6400000,IDR
SO-2603-015,1,015,2026-03-17,Mar,PT. ARENDRA GLOBAL SOLUSI,HANIEF,JAKARTA,GIS,VULKANISIR,JADI,G1100020AJ101,GIS 10.00-20 AJ101,12,1375000,16500000,IDR
SO-2603-016,1,016,2026-03-17,Mar,CV. KARTIKA SEMESTA LOGISTIK,PUTRA LUBIS,SURABAYA,GIS,VULKANISIR,JADI,G1110020AJ101,GIS 11.00-20 AJ101,10,1660000,16600000,IDR
SO-2603-017,1,017,2026-03-27,Mar,CV. DAUN MAS PUTERA,YONO,SURABAYA,GIS,VULKANISIR,JADI,G1100020AJ101,GIS 10.00-20 AJ101,4,1570000,6280000,IDR
SO-2603-018,1,018,2026-03-27,Mar,PT. EKA PS,YONO,SURABAYA,GIS,VULKANISIR,JADI,G1110020AJ101,GIS 11.00-20 AJ101,3,1625000,4875000,IDR
SO-2603-018,2,018,2026-03-27,Mar,PT. EKA PS,YONO,SURABAYA,GIS,VULKANISIR,JADI,G1100020AJ101,GIS 10.00-20 AJ101,5,1600000,8000000,IDR
SO-2603-019,1,019,2026-03-27,Mar,DWI AGUS SUSILO,YONO,SURABAYA,GIS,VULKANISIR,JADI,G1100020AJ101,GIS 10.00-20 AJ101,2,1500000,3000000,IDR
SO-2603-020,1,020,2026-03-30,Mar,PT. SIBA SURYA,PUTRA,SEMARANG,VULGIS,VULKANISIR,JASA,VG110020AJ101,VULGIS 11.00-20 AJ101,3,850000,2550000,IDR
SO-2603-018-2,1,018,2026-03-31,Mar,PT. EKA PS,YONO,SURABAYA,GIS,VULKANISIR,JADI,G1100020AJ101,GIS 10.00-20 AJ101,3,1600000,4800000,IDR
SO-2603-021,1,021,2026-03-31,Mar,PT. BUNGA DARU,YONO,SURABAYA,GIS,VULKANISIR,JADI,G1100020AJ101,GIS 10.00-20 AJ101,4,1530000,6120000,IDR
SO-2603-022,1,022,2026-03-31,Mar,PT. EKA PS,YONO,SURABAYA,GIS,VULKANISIR,JADI,G1110020AJ101,GIS 11.00-20 AJ101,4,1625000,6500000,IDR
SO-2604-001,1,001,2026-04-01,Apr,LARISMA BAN,HANIEF,JAKARTA,VULGIS,VULKANISIR,JASA,VG110020AJ104,VULGIS 11.00-20 AJ104,26,750000,19500000,IDR
SO-2604-001,2,001,2026-04-01,Apr,LARISMA BAN,HANIEF,JAKARTA,VULGIS,VULKANISIR,JASA,VG1100R20AJ104,VULGIS 11.00R20 AJ104,4,750000,3000000,IDR
SO-2604-002,1,002,2026-04-01,Apr,CV. KARTIKA SEMESTA LOGISTIK,PUTRA LUBIS,SURABAYA,GIS,VULKANISIR,JADI,G1110020AJ101,GIS 11.00-20 AJ101,7,1660000,11620000,IDR
SO-2604-003,1,003,2026-04-01,Apr,PT. EKA PS,YONO,SURABAYA,GIS,VULKANISIR,JADI,G1110020AJ101,GIS 11.00-20 AJ101,4,1625000,6500000,IDR
SO-2604-003,2,003,2026-04-01,Apr,PT. EKA PS,YONO,SURABAYA,GIS,VULKANISIR,JADI,G1100020AJ101,GIS 10.00-20 AJ101,2,1600000,3200000,IDR
SO-2604-004,1,004,2026-04-02,Apr,SUSANTO,PUTRA,SEMARANG,GIS,VULKANISIR,JADI,G1100020AJ101,GIS 10.00-20 AJ101,2,1500000,3000000,IDR
SO-2604-005,1,005,2026-04-02,Apr,PT. EKA PS,YONO,SURABAYA,GIS,VULKANISIR,JADI,G1110020AJ101,GIS 11.00-20 AJ101,3,1625000,4875000,IDR
SO-2604-005,2,005,2026-04-02,Apr,PT. EKA PS,YONO,SURABAYA,GIS,VULKANISIR,JADI,G1100020AJ101,GIS 10.00-20 AJ101,4,1600000,6400000,IDR
SO-2604-006,1,006,2026-04-06,Apr,PT. EKA PS,YONO,SURABAYA,GIS,VULKANISIR,JADI,G1110020AJ101,GIS 11.00-20 AJ101,5,1625000,8125000,IDR
SO-2604-006,2,006,2026-04-06,Apr,PT. EKA PS,YONO,SURABAYA,GIS,VULKANISIR,JADI,G1100020AJ101,GIS 10.00-20 AJ101,5,1600000,8000000,IDR
SO-2604-007,1,007,2026-04-08,Apr,PT. AMANAH TRANSMULIA MANDIRI,RENDI,SURABAYA,GIS,VULKANISIR,JADI,G1100020AJ101,GIS 10.00-20 AJ101,4,1560000,6240000,IDR
SO-2604-008,1,008,2026-04-09,Apr,PT. BUNGA DARU,YONO,SURABAYA,GIS,VULKANISIR,JADI,G1100020AJ101,GIS 10.00-20 AJ101,4,1530000,6120000,IDR
SO-2604-008,2,008,2026-04-09,Apr,PT. BUNGA DARU,YONO,SURABAYA,GIS,VULKANISIR,JADI,G1100020AJ101,GIS 10.00-20 AJ101,12,1530000,18360000,IDR
SO-2604-009,1,009,2026-04-09,Apr,PT. BUNGA DARU,YONO,SURABAYA,GIS,VULKANISIR,JADI,G1100020AJ101,GIS 10.00-20 AJ101,2,1530000,3060000,IDR
SO-2604-010,1,010,2026-04-09,Apr,PT. SIBA SURYA,PUTRA,SEMARANG,VULGIS,VULKANISIR,JASA,VG110020AJ101,VULGIS 11.00-20 AJ101,3,850000,2550000,IDR
SO-2604-011,1,011,2026-04-10,Apr,CV. DAUN MAS PUTERA,YONO,SURABAYA,GIS,VULKANISIR,JADI,G1100020AJ101,GIS 10.00-20 AJ101,4,1570000,6280000,IDR
SO-2604-012,1,012,2026-04-10,Apr,PT. DOMINIC TRANS NUSA,PUTRA LUBIS,JAKARTA,GIS,VULKANISIR,JADI,G1100020AJ101,GIS 10.00-20 AJ101,6,1550000,9300000,IDR
SO-2604-013,1,013,2026-04-11,Apr,PT. ARENDRA GLOBAL SOLUSI,HANIEF,JAKARTA,GIS,VULKANISIR,JADI,G1100020AJ101,GIS 10.00-20 AJ101,10,1375000,13750000,IDR
SO-2604-014,1,014,2026-04-13,Apr,RFA BAN,ROZAQ,SEMARANG,VULGIS,VULKANISIR,JASA,VG100020AJ301,VULGIS 10.00-20 AJ301,2,685000,1370000,IDR
SO-2604-014,2,014,2026-04-13,Apr,RFA BAN,ROZAQ,SEMARANG,VULGIS,VULKANISIR,JASA,VG111R225AJ101,VULGIS 11R22.5 AJ101,8,740000,5920000,IDR
SO-2604-015,1,015,2026-04-14,Apr,PT. EKA PS,YONO,SURABAYA,GIS,VULKANISIR,JADI,G1110020AJ101,GIS 11.00-20 AJ101,4,1625000,6500000,IDR
SO-2604-015,2,015,2026-04-14,Apr,PT. EKA PS,YONO,SURABAYA,GIS,VULKANISIR,JADI,G1100020AJ101,GIS 10.00-20 AJ101,2,1600000,3200000,IDR
SO-2604-016,1,016,2026-04-15,Apr,LARISMA BAN,HANIEF,JAKARTA,VULGIS,VULKANISIR,JASA,VG1100R20AJ104,VULGIS 11.00R20 AJ104,12,750000,9000000,IDR
SO-2604-017,1,017,2026-04-15,Apr,PT. YUJU INDONESIA,SAIFUL,JAKARTA,VULGIS,VULKANISIR,JASA,VG110020AJ101,VULGIS 11.00-20 AJ101,1,700000,700000,IDR
SO-2604-018,1,018,2026-04-16,Apr,PT. EKA PS,YONO,SURABAYA,GIS,VULKANISIR,JADI,G1110020AJ101,GIS 11.00-20 AJ101,4,1625000,6500000,IDR
SO-2604-018,2,018,2026-04-16,Apr,PT. EKA PS,YONO,SURABAYA,GIS,VULKANISIR,JADI,G1100020AJ101,GIS 10.00-20 AJ101,5,1600000,8000000,IDR
SO-2604-019,1,019,2026-04-16,Apr,GARASI HAJI ULIL,DJOKO,SEMARANG,VULGIS,VULKANISIR,JASA,VG100020AJ101,VULGIS 10.00-20 AJ101,5,685000,3425000,IDR
SO-2604-019,2,019,2026-04-16,Apr,GARASI HAJI ULIL,DJOKO,SEMARANG,VULGIS,VULKANISIR,JASA,VG110020AJ101,VULGIS 11.00-20 AJ101,2,720000,1440000,IDR
SO-2604-020,1,020,2026-04-16,Apr,PT. SIBA SURYA,PUTRA,SEMARANG,VULGIS,VULKANISIR,JASA,VG110020AJ101,VULGIS 11.00-20 AJ101,3,850000,2550000,IDR
SO-2604-021,1,021,2026-04-17,Apr,KARTIKA SEMESTA LOGISTIK,PUTRA LUBIS,JAKARTA,GIS,VULKANISIR,JADI,G1110020AJ101,GIS 11.00-20 AJ101,20,1660000,33200000,IDR
SO-2604-021,2,021,2026-04-17,Apr,KARTIKA SEMESTA LOGISTIK,PUTRA LUBIS,JAKARTA,GIS,VULKANISIR,JADI,G11100R20AJ101,GIS 11.00R20 AJ101,4,1700000,6800000,IDR
SO-2604-021,3,021,2026-04-17,Apr,KARTIKA SEMESTA LOGISTIK,PUTRA LUBIS,JAKARTA,GIS,VULKANISIR,JADI,G11100R20AJ104,GIS 11.00R20 AJ104,2,1750000,3500000,IDR
SO-2604-022,1,022,2026-04-17,Apr,PT. EKA PS,YONO,SURABAYA,GIS,VULKANISIR,JADI,G1110020AJ101,GIS 11.00-20 AJ101,4,1625000,6500000,IDR
SO-2604-022,2,022,2026-04-17,Apr,PT. EKA PS,YONO,SURABAYA,GIS,VULKANISIR,JADI,G1100020AJ101,GIS 10.00-20 AJ101,4,1600000,6400000,IDR
SO-2604-023,1,023,2026-04-17,Apr,PT. MAHAKARYA JASA UTAMA M,YONO,SURABAYA,GIS,VULKANISIR,JADI,G1100020AJ101,GIS 10.00-20 AJ101,10,1600000,16000000,IDR
SO-2604-024,1,024,2026-04-20,Apr,PT. EKA PS,YONO,SURABAYA,GIS,VULKANISIR,JADI,G1110020AJ101,GIS 11.00-20 AJ101,2,1625000,3250000,IDR
SO-2604-024,2,024,2026-04-20,Apr,PT. EKA PS,YONO,SURABAYA,GIS,VULKANISIR,JADI,G1100020AJ101,GIS 10.00-20 AJ101,4,1600000,6400000,IDR
SO-2604-025,1,025,2026-04-21,Apr,PT. SIBA SURYA,PUTRA,SEMARANG,VULGIS,VULKANISIR,JASA,VG110020AJ101,VULGIS 11.00-20 AJ101,4,850000,3400000,IDR
SO-2604-026,1,026,2026-04-21,Apr,PT. SAMUDERA PERDANA SELARAS,DJOKO,SEMARANG,GIS,VULKANISIR,JADI,G1100020AJ101,GIS 10.00-20 AJ101,10,1570000,15700000,IDR
SO-2604-027,1,027,2026-04-22,Apr,CV. DAUN MAS PUTERA,YONO,SURABAYA,GIS,VULKANISIR,JADI,G1100020AJ101,GIS 10.00-20 AJ101,4,1570000,6280000,IDR
SO-2604-028,1,028,2026-04-22,Apr,TATA ERMANTA,YUSUF,JAKARTA,GIS,VULKANISIR,JADI,G1100020AJ301,GIS 10.00-20 AJ301,6,1470000,8820000,IDR
SO-2604-029,1,029,2026-04-22,Apr,BUNGA DARU SEMARANG,YONO,SEMARANG,VULGIS,VULKANISIR,JASA,VG175016AJ101,VULGIS 7.50-16 AJ101,4,570000,2280000,IDR
SO-2604-030,1,030,2026-04-22,Apr,PT. AMANAH TRANSMULIA MANDIRI,RENDI,SURABAYA,GIS,VULKANISIR,JADI,G1100020AJ101,GIS 10.00-20 AJ101,2,1560000,3120000,IDR
SO-2604-031,1,031,2026-04-22,Apr,PT. EKA PS,YONO,SURABAYA,GIS,VULKANISIR,JADI,G1110020AJ101,GIS 11.00-20 AJ101,3,1625000,4875000,IDR
SO-2604-031,2,031,2026-04-22,Apr,PT. EKA PS,YONO,SURABAYA,GIS,VULKANISIR,JADI,G1100020AJ101,GIS 10.00-20 AJ101,4,1600000,6400000,IDR
SO-2604-032,1,032,2026-04-22,Apr,PT. GAYADIA TANGGUH INSANI,PUTRA LUBIS,JAKARTA,VULGIS,VULKANISIR,JASA,VG1000R20AJ101,VULGIS 10.00R20 AJ101,5,695000,3475000,IDR
SO-2604-033,1,033,2026-04-23,Apr,PT. SIBA SURYA,PUTRA,SEMARANG,VULGIS,VULKANISIR,JASA,VG110020AJ101,VULGIS 11.00-20 AJ101,5,850000,4250000,IDR
SO-2604-034,1,034,2026-04-24,Apr,PT. IRWAN TRANSSERVIS SOLUSI,PUTRA LUBIS,JAKARTA,GIS,VULKANISIR,JADI,G1110020AJ101,GIS 11.00-20 AJ101,16,1580000,25280000,IDR
SO-2604-035,1,035,2026-04-25,Apr,PT. BARRA AKSATA JAYA,ARIF,JAKARTA,GIS,VULKANISIR,JADI,G1100020AJ101,GIS 10.00-20 AJ101,6,1500000,9000000,IDR
SO-2604-036,1,036,2026-04-28,Apr,PT. BUNGA DARU,YONO,SURABAYA,GIS,VULKANISIR,JADI,G1100020AJ101,GIS 10.00-20 AJ101,25,1530000,38250000,IDR
SO-2604-037,1,037,2026-04-28,Apr,PT. ARENDRA GLOBAL SOLUSI,HANIEF,SEMARANG,GIS,VULKANISIR,JADI,G1100020AJ101,GIS 10.00-20 AJ101,10,1375000,13750000,IDR
SO-2604-038,1,038,2026-04-28,Apr,PT. SIBA SURYA,PUTRA,SEMARANG,VULGIS,VULKANISIR,JASA,VG110020AJ101,VULGIS 11.00-20 AJ101,5,850000,4250000,IDR
SO-2604-039,1,039,2026-04-29,Apr,PT. BUNGA DARU,YONO,SURABAYA,GIS,VULKANISIR,JADI,G1100020AJ101,GIS 10.00-20 AJ101,25,1530000,38250000,IDR
SO-2604-040,1,040,2026-04-29,Apr,KARTIKA SEMESTA LOGISTIK,PUTRA LUBIS,JAKARTA,GIS,VULKANISIR,JADI,G1110020AJ101,GIS 11.00-20 AJ101,18,1660000,29880000,IDR
SO-2604-041,1,041,2026-04-29,Apr,KARTIKA SEMESTA LOGISTIK,PUTRA LUBIS,JAKARTA,VULGIS,VULKANISIR,JASA,VG100020AJ101,VULGIS 10.00-20 AJ101,1,850000,850000,IDR
SO-2604-041,2,041,2026-04-29,Apr,KARTIKA SEMESTA LOGISTIK,PUTRA LUBIS,JAKARTA,VULGIS,VULKANISIR,JASA,VG110020AJ101,VULGIS 11.00-20 AJ101,16,870000,13920000,IDR
SO-2604-041,3,041,2026-04-29,Apr,KARTIKA SEMESTA LOGISTIK,PUTRA LUBIS,JAKARTA,VULGIS,VULKANISIR,JASA,VG1000R20AJ101,VULGIS 10.00R20 AJ101,1,880000,880000,IDR
SO-2604-041,4,041,2026-04-29,Apr,KARTIKA SEMESTA LOGISTIK,PUTRA LUBIS,JAKARTA,VULGIS,VULKANISIR,JASA,VG1100R20AJ101,VULGIS 11.00R20 AJ101,2,900000,1800000,IDR
SO-2604-042,1,042,2026-04-30,Apr,PT. BUNGA DARU,YONO,SURABAYA,GIS,VULKANISIR,JADI,G1100020AJ101,GIS 10.00-20 AJ101,25,1530000,38250000,IDR
SO-2604-043,1,043,2026-04-30,Apr,GARASI HAJI ULIL,DJOKO,SEMARANG,VULGIS,VULKANISIR,JASA,VG100020AJ101,VULGIS 10.00-20 AJ101,2,685000,1370000,IDR
SO-2604-043,2,043,2026-04-30,Apr,GARASI HAJI ULIL,DJOKO,SEMARANG,VULGIS,VULKANISIR,JASA,VG110020AJ101,VULGIS 11.00-20 AJ101,2,720000,1440000,IDR
SO-2604-044,1,044,2026-04-30,Apr,SUSANTO,PUTRA,SEMARANG,GIS,VULKANISIR,JADI,G1100020AJ101,GIS 10.00-20 AJ101,2,1500000,3000000,IDR
SO-2604-045,1,045,2026-04-30,Apr,PT. SIBA SURYA,PUTRA,SEMARANG,VULGIS,VULKANISIR,JASA,VG110020AJ101,VULGIS 11.00-20 AJ101,4,850000,3400000,IDR
SO-2604-045,2,045,2026-04-30,Apr,PT. SIBA SURYA,PUTRA,SEMARANG,VULGIS,VULKANISIR,JASA,VG31580R225AJ104,VULGIS 315/80R22.5 AJ104,2,1150000,2300000,IDR
SO-2604-046,1,046,2026-04-30,Apr,PT. EKA PS,YONO,SURABAYA,GIS,VULKANISIR,JADI,G1110020AJ101,GIS 11.00-20 AJ101,3,1625000,4875000,IDR
SO-2604-046,2,046,2026-04-30,Apr,PT. EKA PS,YONO,SURABAYA,GIS,VULKANISIR,JADI,G1100020AJ101,GIS 10.00-20 AJ101,5,1600000,8000000,IDR
SO-2605-001,1,001,2026-05-02,May,PT. SAMUDERA PERDANA SELARAS,DJOKO,SEMARANG,GIS,VULKANISIR,JADI,G1100020AJ101,GIS 10.00-20 AJ101,10,1570000,15700000,IDR
SO-2605-002,1,002,2026-05-04,May,PT. EKA PS,YONO,SURABAYA,GIS,VULKANISIR,JADI,G1100020AJ101,GIS 10.00-20 AJ101,5,1600000,8000000,IDR
SO-2605-003,1,003,2026-05-05,May,PT. COTRANS JAYA ABADI,YUSUF,JAKARTA,GIS,VULKANISIR,JADI,G1100020AJ101,GIS 10.00-20 AJ101,6,1425000,8550000,IDR
SO-2605-004,1,004,2026-05-05,May,PT. SIBA SURYA,PUTRA,SEMARANG,VULGIS,VULKANISIR,JASA,VG110020AJ101,VULGIS 11.00-20 AJ101,5,850000,4250000,IDR
SO-2605-005,1,005,2026-05-06,May,MARWIN CANDRA GUNAWAN,HARI,SURABAYA,GIS,VULKANISIR,JADI,G1100020AJ101,GIS 10.00-20 AJ101,5,1560000,7800000,IDR
SO-2605-006,1,006,2026-05-06,May,PT. BUNGA DARU,YONO,SURABAYA,GIS,VULKANISIR,JADI,G1100020AJ101,GIS 10.00-20 AJ101,25,1530000,38250000,IDR
SO-2605-007,1,007,2026-05-06,May,PT. MAHAKARYA BERKAT PUTRA MANDIRI,YONO,SURABAYA,GIS,VULKANISIR,JADI,G1100020AJ101,GIS 10.00-20 AJ101,10,1600000,16000000,IDR
SO-2605-008,1,008,2026-05-06,May,PT. EKA PS,YONO,SURABAYA,GIS,VULKANISIR,JADI,G1100020AJ101,GIS 10.00-20 AJ101,5,1600000,8000000,IDR
SO-2605-009,1,009,2026-05-06,May,SINAR TERANG BERSAMA,PUTRA,SEMARANG,VULGIS,VULKANISIR,JASA,VG100020AJ101,VULGIS 10.00-20 AJ101,1,810000,810000,IDR
SO-2605-009,2,009,2026-05-06,May,SINAR TERANG BERSAMA,PUTRA,SEMARANG,GIS,VULKANISIR,JADI,G1100020AJ101,GIS 10.00-20 AJ101,1,1600000,1600000,IDR
SO-2605-010,1,010,2026-05-07,May,PT. SIBA SURYA,PUTRA,SEMARANG,VULGIS,VULKANISIR,JASA,VG110020AJ101,VULGIS 11.00-20 AJ101,5,850000,4250000,IDR
SO-2605-011,1,011,2026-05-07,May,PT. TRIKUSUMA JAYA PERKASA,DJOKO,SEMARANG,GIS,VULKANISIR,JADI,G1100020AJ101,GIS 10.00-20 AJ101,6,1600000,9600000,IDR
SO-2605-012,1,012,2026-05-07,May,KARTIKA SEMESTA LOGISTIK,PUTRA LUBIS,JAKARTA,VULGIS,VULKANISIR,JASA,VG100020AJ101,VULGIS 10.00-20 AJ101,6,850000,5100000,IDR
SO-2605-012,2,012,2026-05-07,May,KARTIKA SEMESTA LOGISTIK,PUTRA LUBIS,JAKARTA,VULGIS,VULKANISIR,JASA,VG110020AJ101,VULGIS 11.00-20 AJ101,1,870000,870000,IDR
SO-2605-012,3,012,2026-05-07,May,KARTIKA SEMESTA LOGISTIK,PUTRA LUBIS,JAKARTA,VULGIS,VULKANISIR,JASA,VG1100R20AJ101,VULGIS 11.00R20 AJ101,1,900000,900000,IDR
SO-2605-014,1,014,2026-05-08,May,PT. EKA PS,YONO,SURABAYA,GIS,VULKANISIR,JADI,G1110020AJ101,GIS 11.00-20 AJ101,4,1625000,6500000,IDR
SO-2605-014,2,014,2026-05-08,May,PT. EKA PS,YONO,SURABAYA,GIS,VULKANISIR,JADI,G1100020AJ101,GIS 10.00-20 AJ101,2,1600000,3200000,IDR
SO-2605-013,1,013,2026-05-09,May,PT. SAMUDERA PERDANA SELARAS,DJOKO,SEMARANG,GIS,VULKANISIR,JADI,G1100020AJ101,GIS 10.00-20 AJ101,10,1570000,15700000,IDR
SO-2605-015,1,015,2026-05-11,May,PT. ARENDRA GLOBAL SOLUSI,HANIEF,SEMARANG,GIS,VULKANISIR,JADI,G1100020AJ101,GIS 10.00-20 AJ101,14,1375000,19250000,IDR
SO-2605-016,1,016,2026-05-11,May,PT. EKA PS,YONO,SURABAYA,GIS,VULKANISIR,JADI,G1110020AJ101,GIS 11.00-20 AJ101,6,1625000,9750000,IDR
SO-2605-017,1,017,2026-05-12,May,GARASI HAJI ULIL,DJOKO,SEMARANG,VULGIS,VULKANISIR,JASA,VG110020AJ101,VULGIS 11.00-20 AJ101,1,720000,720000,IDR
SO-2605-018,1,018,2026-05-12,May,PT. SIBA SURYA,PUTRA,SEMARANG,VULGIS,VULKANISIR,JASA,VG110020AJ101,VULGIS 11.00-20 AJ101,7,850000,5950000,IDR
SO-2605-019,1,019,2026-05-12,May,PT. BUNGA DARU,YONO,SURABAYA,GIS,VULKANISIR,JADI,G1100020AJ101,GIS 10.00-20 AJ101,12,1530000,18360000,IDR
SO-2605-020,1,020,2026-05-13,May,PT. EKA PS,YONO,SURABAYA,GIS,VULKANISIR,JADI,G1110020AJ101,GIS 11.00-20 AJ101,2,1625000,3250000,IDR
SO-2605-020,2,020,2026-05-13,May,PT. EKA PS,YONO,SURABAYA,GIS,VULKANISIR,JADI,G1100020AJ101,GIS 10.00-20 AJ101,3,1600000,4800000,IDR
SO-2605-021,1,021,2026-05-16,May,PT. YUJU INDONESIA,SAIFUL,JAKARTA,VULGIS,VULKANISIR,JASA,VG110020AJ101,VULGIS 11.00-20 AJ101,2,700000,1400000,IDR
SO-2605-022,1,022,2026-05-16,May,PT. SAMUDERA PERDANA SELARAS,DJOKO,SEMARANG,GIS,VULKANISIR,JADI,G1100020AJ101,GIS 10.00-20 AJ101,10,1570000,15700000,IDR
SO-2605-023,1,023,2026-05-18,May,PT. MAHAKARYA BERKAT PUTRA MANDIRI,YONO,SURABAYA,GIS,VULKANISIR,JADI,G1100020AJ101,GIS 10.00-20 AJ101,10,1600000,16000000,IDR
SO-2605-024,1,024,2026-05-18,May,PT. EKA PS,YONO,SURABAYA,GIS,VULKANISIR,JADI,G1110020AJ101,GIS 11.00-20 AJ101,4,1625000,6500000,IDR
SO-2605-024,2,024,2026-05-18,May,PT. EKA PS,YONO,SURABAYA,GIS,VULKANISIR,JADI,G1100020AJ101,GIS 10.00-20 AJ101,2,1600000,3200000,IDR
SO-2605-025,1,025,2026-05-19,May,PT. SIBA SURYA,PUTRA,SEMARANG,VULGIS,VULKANISIR,JASA,VG110020AJ101,VULGIS 11.00-20 AJ101,3,850000,2550000,IDR
SO-2605-025,2,025,2026-05-19,May,PT. SIBA SURYA,PUTRA,SEMARANG,VULGIS,VULKANISIR,JASA,VG31580R225AJ104,VULGIS 315/80R22.5 AJ104,2,1150000,2300000,IDR
SO-2605-026,1,026,2026-05-20,May,PT. GAYADIA TANGGUH INSANI,PUTRA LUBIS,JAKARTA,VULGIS,VULKANISIR,JASA,VG100020AJ101,VULGIS 10.00-20 AJ101,1,675000,675000,IDR
SO-2605-026,2,026,2026-05-20,May,PT. GAYADIA TANGGUH INSANI,PUTRA LUBIS,JAKARTA,VULGIS,VULKANISIR,JASA,VG1000R20AJ101,VULGIS 10.00R20 AJ101,6,695000,4170000,IDR
SO-2605-027,1,027,2026-05-21,May,PT. ARENDRA GLOBAL SOLUSI,HANIEF,JAKARTA,GIS,VULKANISIR,JADI,G1100020AJ101,GIS 10.00-20 AJ101,20,1375000,27500000,IDR
SO-2605-028,1,028,2026-05-21,May,PT. SIBA SURYA,PUTRA,SEMARANG,VULGIS,VULKANISIR,JASA,VG110020AJ101,VULGIS 11.00-20 AJ101,5,850000,4250000,IDR
SO-2605-029,1,029,2026-05-21,May,PT. TRIKUSUMA JAYA PERKASA,DJOKO,SEMARANG,GIS,VULKANISIR,JADI,G1100020AJ101,GIS 10.00-20 AJ101,4,1600000,6400000,IDR
SO-2605-030,1,030,2026-05-21,May,PT. EKA PS,YONO,SURABAYA,GIS,VULKANISIR,JADI,G1110020AJ101,GIS 11.00-20 AJ101,4,1625000,6500000,IDR
SO-2605-031,1,031,2026-05-22,May,PT. TRIKUSUMA JAYA PERKASA,DJOKO,SEMARANG,GIS,VULKANISIR,JADI,G1100020AJ101,GIS 10.00-20 AJ101,16,1600000,25600000,IDR
SO-2605-032,1,032,2026-05-22,May,PT. EKA PS,YONO,SURABAYA,GIS,VULKANISIR,JADI,G1110020AJ101,GIS 11.00-20 AJ101,3,1625000,4875000,IDR
SO-2605-032,2,032,2026-05-22,May,PT. EKA PS,YONO,SURABAYA,GIS,VULKANISIR,JADI,G1100020AJ101,GIS 10.00-20 AJ101,2,1600000,3200000,IDR
SO-2605-033,1,033,2026-05-26,May,PT. SIBA SURYA,PUTRA,SEMARANG,VULGIS,VULKANISIR,JASA,VG110020AJ101,VULGIS 11.00-20 AJ101,4,850000,3400000,IDR
SO-2605-034,1,034,2026-05-26,May,PT. EKA PS,YONO,SURABAYA,GIS,VULKANISIR,JADI,G1110020AJ101,GIS 11.00-20 AJ101,3,1625000,4875000,IDR
SO-2605-034,2,034,2026-05-26,May,PT. EKA PS,YONO,SURABAYA,GIS,VULKANISIR,JADI,G1100020AJ101,GIS 10.00-20 AJ101,4,1600000,6400000,IDR
SO-2605-035,1,035,2026-05-28,May,PT. SIBA SURYA,PUTRA,SEMARANG,VULGIS,VULKANISIR,JASA,VG110020AJ101,VULGIS 11.00-20 AJ101,12,850000,10200000,IDR
SO-2605-036,1,036,2026-05-29,May,PT. EKA PS,YONO,SURABAYA,GIS,VULKANISIR,JADI,G1110020AJ101,GIS 11.00-20 AJ101,2,1625000,3250000,IDR
SO-2605-036,2,036,2026-05-29,May,PT. EKA PS,YONO,SURABAYA,GIS,VULKANISIR,JADI,G1100020AJ101,GIS 10.00-20 AJ101,3,1600000,4800000,IDR
SO-2605-037,1,037,2026-05-29,May,PT. MAHAKARYA BERKAT PUTRA MANDIRI,YONO,SURABAYA,GIS,VULKANISIR,JADI,G1100020AJ101,GIS 10.00-20 AJ101,10,1600000,16000000,IDR
SO-2605-038,1,038,2026-05-30,May,LARISMA BAN,HANIEF,JAKARTA,VULGIS,VULKANISIR,JASA,VG100020AJ101,VULGIS 10.00-20 AJ101,1,675000,675000,IDR
SO-2605-038,2,038,2026-05-30,May,LARISMA BAN,HANIEF,JAKARTA,VULGIS,VULKANISIR,JASA,VG110020AJ104,VULGIS 11.00-20 AJ104,10,750000,7500000,IDR
SO-2606-001,1,001,2026-06-02,Jun,PT. GAYADIA TANGGUH INSANI,PUTRA LUBIS,JAKARTA,VULGIS,VULKANISIR,JASA,VG1000R20AJ101,VULGIS 10.00R20 AJ101,4,695000,2780000,IDR
SO-2606-002,1,002,2026-06-02,Jun,VINCENT,DODI,JAKARTA,GIS,VULKANISIR,JADI,G175016AJ101,GIS 7.50-16 AJ101,2,890000,1780000,IDR
SO-2606-003,1,003,2026-06-02,Jun,PT. SIBA SURYA,PUTRA,SEMARANG,VULGIS,VULKANISIR,JASA,VG110020AJ101,VULGIS 11.00-20 AJ101,3,850000,2550000,IDR
SO-2606-003,2,003,2026-06-02,Jun,PT. SIBA SURYA,PUTRA,SEMARANG,VULGIS,VULKANISIR,JASA,VG31580R225AJ104,VULGIS 315/80R22.5 AJ104,2,1150000,2300000,IDR
SO-2606-004,1,004,2026-06-02,Jun,GARASI HAJI ULIL,DJOKO,SEMARANG,VULGIS,VULKANISIR,JASA,VG100020AJ101,VULGIS 10.00-20 AJ101,1,735000,735000,IDR
SO-2606-004,2,004,2026-06-02,Jun,GARASI HAJI ULIL,DJOKO,SEMARANG,VULGIS,VULKANISIR,JASA,VG110020AJ101,VULGIS 11.00-20 AJ101,2,770000,1540000,IDR
SO-2606-005,1,005,2026-06-02,Jun,ADI PAMADI,AHMAD,SEMARANG,GIS,VULKANISIR,JADI,G1100020AJ101,GIS 10.00-20 AJ101,2,1700000,3400000,IDR
SO-2606-005,2,005,2026-06-02,Jun,ADI PAMADI,AHMAD,SEMARANG,GIS,VULKANISIR,JADI,G11000R20AJ104,GIS 10.00R20 AJ104,2,1800000,3600000,IDR
SO-2606-006,1,006,2026-06-02,Jun,PT. TRIDOMINITAMA,YONO,SURABAYA,GIS,VULKANISIR,JADI,G1100020AJ101,GIS 10.00-20 AJ101,8,1560000,12480000,IDR
SO-2606-007,1,007,2026-06-03,Jun,PT. SAMUDERA PERDANA SELARAS,DJOKO,SEMARANG,GIS,VULKANISIR,JADI,G1100020AJ101,GIS 10.00-20 AJ101,20,1620000,32400000,IDR
SO-2606-008,1,008,2026-06-03,Jun,PT. EKA PS,YONO,SURABAYA,GIS,VULKANISIR,JADI,G1100020AJ101,GIS 10.00-20 AJ101,5,1600000,8000000,IDR
SO-2606-009,1,009,2026-06-04,Jun,PT. SIBA SURYA,PUTRA,SEMARANG,VULGIS,VULKANISIR,JASA,VG110020AJ101,VULGIS 11.00-20 AJ101,7,850000,5950000,IDR
SO-2606-009,2,009,2026-06-04,Jun,PT. SIBA SURYA,PUTRA,SEMARANG,VULGIS,VULKANISIR,JASA,VG31580R225AJ104,VULGIS 315/80R22.5 AJ104,5,1150000,5750000,IDR
SO-2606-010,1,010,2026-06-06,Jun,LARISMA BAN,HANIEF,JAKARTA,VULGIS,VULKANISIR,JASA,VG100020AJ101,VULGIS 10.00-20 AJ101,4,675000,2700000,IDR
SO-2606-010,2,010,2026-06-06,Jun,LARISMA BAN,HANIEF,JAKARTA,VULGIS,VULKANISIR,JASA,VG110020AJ104,VULGIS 11.00-20 AJ104,16,750000,12000000,IDR
SO-2606-011,1,011,2026-06-06,Jun,IBU SEKAR,PUTRA LUBIS,JAKARTA,GIS,VULKANISIR,JADI,G1110020AJ101,GIS 11.00-20 AJ101,10,1580000,15800000,IDR
SO-2606-012,1,012,2026-06-08,Jun,BUNGA DARU SEMARANG,YONO,SEMARANG,VULGIS,VULKANISIR,JASA,VG100020AJ101,VULGIS 10.00-20 AJ101,5,875000,4375000,IDR
SO-2606-013,1,013,2026-06-08,Jun,MIFTAHUL ARIF,AHMAD,SEMARANG,VULGIS,VULKANISIR,JASA,VG175016AJ101,VULGIS 7.50-16 AJ101,1,650000,650000,IDR
SO-2606-013,2,013,2026-06-08,Jun,MIFTAHUL ARIF,AHMAD,SEMARANG,VULGIS,VULKANISIR,JASA,VG100020AJ101,VULGIS 10.00-20 AJ101,2,830000,1660000,IDR
SO-2606-013,3,013,2026-06-08,Jun,MIFTAHUL ARIF,AHMAD,SEMARANG,VULGIS,VULKANISIR,JASA,VG1000R20AJ104,VULGIS 10.00R20 AJ104,2,900000,1800000,IDR
SO-2606-014,1,014,2026-06-08,Jun,PT. BUNGA DARU,YONO,SURABAYA,GIS,VULKANISIR,JADI,G1100020AJ101,GIS 10.00-20 AJ101,20,1530000,30600000,IDR
SO-2606-015,1,015,2026-06-08,Jun,PT. MAHAKARYA BERKAT PUTRA MANDIRI,YONO,SURABAYA,GIS,VULKANISIR,JADI,G1100020AJ101,GIS 10.00-20 AJ101,10,1600000,16000000,IDR
SO-2606-016,1,016,2026-06-09,Jun,GARASI HAJI ULIL,DJOKO,SEMARANG,VULGIS,VULKANISIR,JASA,VG100020AJ101,VULGIS 10.00-20 AJ101,3,735000,2205000,IDR
SO-2606-016,2,016,2026-06-09,Jun,GARASI HAJI ULIL,DJOKO,SEMARANG,VULGIS,VULKANISIR,JASA,VG110020AJ101,VULGIS 11.00-20 AJ101,2,770000,1540000,IDR
SO-2606-017,1,017,2026-06-09,Jun,PT. SIBA SURYA,PUTRA,SEMARANG,VULGIS,VULKANISIR,JASA,VG110020AJ101,VULGIS 11.00-20 AJ101,10,850000,8500000,IDR
SO-2606-018,1,018,2026-06-10,Jun,PT. GAYADIA TANGGUH INSANI,PUTRA LUBIS,JAKARTA,VULGIS,VULKANISIR,JASA,VG100020AJ101,VULGIS 10.00-20 AJ101,1,675000,675000,IDR
SO-2606-018,2,018,2026-06-10,Jun,PT. GAYADIA TANGGUH INSANI,PUTRA LUBIS,JAKARTA,VULGIS,VULKANISIR,JASA,VG1000R20AJ101,VULGIS 10.00R20 AJ101,3,695000,2085000,IDR
SO-2606-019,1,019,2026-06-10,Jun,PT. EKA PS,YONO,SURABAYA,GIS,VULKANISIR,JADI,G1110020AJ101,GIS 11.00-20 AJ101,5,1625000,8125000,IDR
SO-2606-020,1,020,2026-06-11,Jun,KARTIKA SEMESTA LOGISTIK,PUTRA LUBIS,JAKARTA,VULGIS,VULKANISIR,JASA,VG100020AJ101,VULGIS 10.00-20 AJ101,2,850000,1700000,IDR
SO-2606-020,2,020,2026-06-11,Jun,KARTIKA SEMESTA LOGISTIK,PUTRA LUBIS,JAKARTA,VULGIS,VULKANISIR,JASA,VG110020AJ101,VULGIS 11.00-20 AJ101,3,870000,2610000,IDR
SO-2606-020,3,020,2026-06-11,Jun,KARTIKA SEMESTA LOGISTIK,PUTRA LUBIS,JAKARTA,VULGIS,VULKANISIR,JASA,VG1000R20AJ101,VULGIS 10.00R20 AJ101,2,880000,1760000,IDR
SO-2606-020,4,020,2026-06-11,Jun,KARTIKA SEMESTA LOGISTIK,PUTRA LUBIS,JAKARTA,VULGIS,VULKANISIR,JASA,VG1100R20AJ101,VULGIS 11.00R20 AJ101,1,900000,900000,IDR
SO-2606-021,1,021,2026-06-11,Jun,PT. SIBA SURYA,PUTRA,SEMARANG,VULGIS,VULKANISIR,JASA,VG110020AJ101,VULGIS 11.00-20 AJ101,8,880000,7040000,IDR
SO-2606-022,1,022,2026-06-11,Jun,PT. ARENDRA GLOBAL SOLUSI,HANIEF,SEMARANG,GIS,VULKANISIR,JADI,G1100020AJ101,GIS 10.00-20 AJ101,10,1375000,13750000,IDR
SO-2606-023,1,023,2026-06-11,Jun,PT. EKA PS,YONO,SURABAYA,GIS,VULKANISIR,JADI,G1100020AJ101,GIS 10.00-20 AJ101,2,1600000,3200000,IDR
SO-2606-023,2,023,2026-06-11,Jun,PT. EKA PS,YONO,SURABAYA,GIS,VULKANISIR,JADI,G1110020AJ101,GIS 11.00-20 AJ101,5,1625000,8125000,IDR
SO-2606-024,1,024,2026-06-12,Jun,PT. ARENDRA GLOBAL SOLUSI,HANIEF,JAKARTA,GIS,VULKANISIR,JADI,G1100020AJ101,GIS 10.00-20 AJ101,20,1375000,27500000,IDR
SO-2606-025,1,025,2026-06-15,Jun,PT. EKA PS,YONO,SURABAYA,GIS,VULKANISIR,JADI,G1100020AJ101,GIS 10.00-20 AJ101,4,1600000,6400000,IDR
SO-2606-025,2,025,2026-06-15,Jun,PT. EKA PS,YONO,SURABAYA,GIS,VULKANISIR,JADI,G1110020AJ101,GIS 11.00-20 AJ101,5,1625000,8125000,IDR
SO-2606-026,1,026,2026-06-15,Jun,PT. BAHTERA TUNGGAL MANDIRI,AHMAD,SEMARANG,VULGIS,VULKANISIR,JASA,VG100020AJ101,VULGIS 10.00-20 AJ101,1,875000,875000,IDR
SO-2606-026,2,026,2026-06-15,Jun,PT. BAHTERA TUNGGAL MANDIRI,AHMAD,SEMARANG,VULGIS,VULKANISIR,JASA,VG1000R20AJ104,VULGIS 10.00R20 AJ104,1,1050000,1050000,IDR
SO-2606-027,1,027,2026-06-17,Jun,PT. BUNGA DARU,YONO,SURABAYA,GIS,VULKANISIR,JADI,G1100020AJ101,GIS 10.00-20 AJ101,10,1530000,15300000,IDR
SO-2606-028,1,028,2026-06-18,Jun,PT. GAYADIA TANGGUH INSANI,PUTRA LUBIS,JAKARTA,VULGIS,VULKANISIR,JASA,VG100020AJ101,VULGIS 10.00-20 AJ101,2,675000,1350000,IDR
SO-2606-028,2,028,2026-06-18,Jun,PT. GAYADIA TANGGUH INSANI,PUTRA LUBIS,JAKARTA,VULGIS,VULKANISIR,JASA,VG1000R20AJ101,VULGIS 10.00R20 AJ101,1,695000,695000,IDR
SO-2606-029,1,029,2026-06-18,Jun,PT. YUJU INDONESIA,SAIFUL,JAKARTA,VULGIS,VULKANISIR,JASA,VG110020AJ101,VULGIS 11.00-20 AJ101,2,700000,1400000,IDR
SO-2606-030,1,030,2026-06-18,Jun,PT. SIBA SURYA,PUTRA,SEMARANG,VULGIS,VULKANISIR,JASA,VG110020AJ101,VULGIS 11.00-20 AJ101,9,880000,7920000,IDR
SO-2606-030,2,030,2026-06-18,Jun,PT. SIBA SURYA,PUTRA,SEMARANG,VULGIS,VULKANISIR,JASA,VG31580R225AJ104,VULGIS 315/80R22.5 AJ104,3,1180000,3540000,IDR
SO-2606-031,1,031,2026-06-18,Jun,PT. MUARA BERKAH LOGISTIK,AHMAD,SEMARANG,VULGIS,VULKANISIR,JASA,VG175016AJ101,VULGIS 7.50-16 AJ101,2,680000,1360000,IDR
SO-2606-031,2,031,2026-06-18,Jun,PT. MUARA BERKAH LOGISTIK,AHMAD,SEMARANG,VULGIS,VULKANISIR,JASA,VG100020AJ101,VULGIS 10.00-20 AJ101,2,950000,1900000,IDR
SO-2606-032,1,032,2026-06-19,Jun,ARTO MORO ANUGERAH LAUTAN,AHMAD,SEMARANG,GIS,VULKANISIR,JADI,G1110020AJ101,GIS 11.00-20 AJ101,4,1700000,6800000,IDR
SO-2606-033,1,033,2026-06-23,Jun,PT. SIBA SURYA,PUTRA,SEMARANG,VULGIS,VULKANISIR,JASA,VG110020AJ101,VULGIS 11.00-20 AJ101,7,880000,6160000,IDR
SO-2606-033,2,033,2026-06-23,Jun,PT. SIBA SURYA,PUTRA,SEMARANG,VULGIS,VULKANISIR,JASA,VG31580R225AJ104,VULGIS 315/80R22.5 AJ104,3,1180000,3540000,IDR
SO-2606-034,1,034,2026-06-23,Jun,PT. MAHAKARYA BERKAT PUTRA MANDIRI,YONO,SURABAYA,GIS,VULKANISIR,JADI,G1100020AJ101,GIS 10.00-20 AJ101,8,1600000,12800000,IDR
SO-2606-035,1,035,2026-06-24,Jun,ADI PAMADI,AHMAD,SEMARANG,VULGIS,VULKANISIR,JASA,VG100020AJ101,VULGIS 10.00-20 AJ101,2,900000,1800000,IDR
SO-2606-035,2,035,2026-06-24,Jun,ADI PAMADI,AHMAD,SEMARANG,VULGIS,VULKANISIR,JASA,VG1000R20AJ104,VULGIS 10.00R20 AJ104,2,900000,1800000,IDR
SO-2606-036,1,036,2026-06-24,Jun,PT. BUNGA DARU,YONO,SURABAYA,GIS,VULKANISIR,JADI,G1100020AJ101,GIS 10.00-20 AJ101,5,1530000,7650000,IDR
SO-2606-037,1,037,2026-06-25,Jun,IBU SEKAR,PUTRA LUBIS,JAKARTA,GIS,VULKANISIR,JADI,G111R225AJ101,GIS 11R22.5 AJ101,4,1650000,6600000,IDR
SO-2606-038,1,038,2026-06-25,Jun,PT. SIBA SURYA,PUTRA,SEMARANG,VULGIS,VULKANISIR,JASA,VG110020AJ101,VULGIS 11.00-20 AJ101,10,880000,8800000,IDR
SO-2606-039,1,039,2026-06-25,Jun,PT. EKA PS,YONO,SURABAYA,GIS,VULKANISIR,JADI,G1110020AJ101,GIS 11.00-20 AJ101,5,1625000,8125000,IDR
SO-2606-040,1,040,2026-06-27,Jun,MIFTAHUL ARIF,AHMAD,SEMARANG,VULGIS,VULKANISIR,JASA,VG100020AJ101,VULGIS 10.00-20 AJ101,1,830000,830000,IDR
SO-2606-040,2,040,2026-06-27,Jun,MIFTAHUL ARIF,AHMAD,SEMARANG,VULGIS,VULKANISIR,JASA,VG1000R20AJ104,VULGIS 10.00R20 AJ104,1,900000,900000,IDR
SO-2606-041,1,041,2026-06-27,Jun,PT. PUTRA SETIA PURNAMA,AHMAD,SEMARANG,GIS,VULKANISIR,JADI,G1100020AJ101,GIS 10.00-20 AJ101,4,1650000,6600000,IDR
SO-2606-042,1,042,2026-06-29,Jun,PT. EKA PS,YONO,SURABAYA,GIS,VULKANISIR,JADI,G1100020AJ101,GIS 10.00-20 AJ101,2,1600000,3200000,IDR
SO-2606-042,2,042,2026-06-29,Jun,PT. EKA PS,YONO,SURABAYA,GIS,VULKANISIR,JADI,G1110020AJ101,GIS 11.00-20 AJ101,5,1625000,8125000,IDR
SO-2606-043,1,043,2026-06-29,Jun,CV. JIBRIANT SEJAHTERA MANDIRI,DODI,JAKARTA,GIS,VULKANISIR,JADI,G182516AJ101,GIS 8.25-16 AJ101,2,1050000,2100000,IDR
SO-2606-044,1,044,2026-06-30,Jun,ADI PAMADI,AHMAD,SEMARANG,GIS,VULKANISIR,JADI,G111R225AJ104,GIS 11R22.5 AJ104,2,1800000,3600000,IDR
SO-2606-045,1,045,2026-06-30,Jun,PT. GAYADIA TANGGUH INSANI,PUTRA LUBIS,JAKARTA,VULGIS,VULKANISIR,JASA,VG100020AJ101,VULGIS 10.00-20 AJ101,1,675000,675000,IDR
SO-2606-046,1,046,2026-06-30,Jun,LARISMA BAN,HANIEF,JAKARTA,VULGIS,VULKANISIR,JASA,VG110020AJ104,VULGIS 11.00-20 AJ104,12,750000,9000000,IDR
SO-2606-047,1,047,2026-06-30,Jun,PT. SIBA SURYA,PUTRA,SEMARANG,VULGIS,VULKANISIR,JASA,VG110020AJ101,VULGIS 11.00-20 AJ101,10,880000,8800000,IDR
SO-2606-048,1,048,2026-06-30,Jun,PT. EKA PS,YONO,SURABAYA,GIS,VULKANISIR,JADI,G1110020AJ101,GIS 11.00-20 AJ101,5,1625000,8125000,IDR
SO-2606-049,1,049,2026-06-30,Jun,PT. TUGU BETON SEMESTA ABADI,DJOKO,SEMARANG,GIS,VULKANISIR,JADI,G11100R20AJ101,GIS 11.00R20 AJ101,5,1780000,8900000,IDR
SO-2606-049,2,049,2026-06-30,Jun,PT. TUGU BETON SEMESTA ABADI,DJOKO,SEMARANG,GIS,VULKANISIR,JADI,G11100R20AJ104,GIS 11.00R20 AJ104,7,1780000,12460000,IDR
SO-2607-001,1,001,2026-07-01,Jul,PT. BUNGA DARU,YONO,SURABAYA,GIS,VULKANISIR,JADI,G1100020AJ101,GIS 10.00-20 AJ101,12,1530000,18360000,IDR
SO-2607-002,1,002,2026-07-01,Jul,ARTO MORO ANUGERAH LAUTAN,AHMAD,SEMARANG,VULGIS,VULKANISIR,JASA,VG100020AJ101,VULGIS 10.00-20 AJ101,1,900000,900000,IDR
SO-2607-002,2,002,2026-07-01,Jul,ARTO MORO ANUGERAH LAUTAN,AHMAD,SEMARANG,VULGIS,VULKANISIR,JASA,VG110020AJ101,VULGIS 11.00-20 AJ101,4,970000,3880000,IDR
SO-2607-003,1,003,2026-07-01,Jul,PT. MAHAKARYA BERKAT PUTRA MANDIRI,YONO,SURABAYA,GIS,VULKANISIR,JADI,G1100020AJ101,GIS 10.00-20 AJ101,10,1700000,17000000,IDR
SO-2607-004,1,004,2026-07-02,Jul,PT. SIBA SURYA,PUTRA,SEMARANG,VULGIS,VULKANISIR,JASA,VG110020AJ101,VULGIS 11.00-20 AJ101,3,880000,2640000,IDR
SO-2607-005,1,005,2026-07-03,Jul,ADI PAMADI,AHMAD,SEMARANG,GIS,VULKANISIR,JADI,G11000R20AJ104,GIS 10.00R20 AJ104,10,1800000,18000000,IDR
SO-2607-006,1,006,2026-07-03,Jul,PT. EKA PS,YONO,SURABAYA,GIS,VULKANISIR,JADI,G1110020AJ101,GIS 11.00-20 AJ101,5,1710000,8550000,IDR
SO-2607-007,1,007,2026-07-06,Jul,PT. BAHTERA TUNGGAL MANDIRI,AHMAD,SEMARANG,GIS,VULKANISIR,JADI,G1110020AJ101,GIS 11.00-20 AJ101,4,1700000,6800000,IDR
SO-2607-008,1,008,2026-07-06,Jul,PT. EKA PS,YONO,SURABAYA,GIS,VULKANISIR,JADI,G1110020AJ101,GIS 11.00-20 AJ101,5,1710000,8550000,IDR
SO-2607-009,1,009,2026-07-06,Jul,PT. EKA TRANSPORT,RIO,JAKARTA,GIS,VULKANISIR,JADI,G1100020AJ101,GIS 10.00-20 AJ101,30,1658000,49740000,IDR
SO-2607-010,1,010,2026-07-07,Jul,LARISMA BAN,HANIEF,JAKARTA,VULGIS,VULKANISIR,JASA,VG100020AJ101,VULGIS 10.00-20 AJ101,3,675000,2025000,IDR
SO-2607-010,2,010,2026-07-07,Jul,LARISMA BAN,HANIEF,JAKARTA,VULGIS,VULKANISIR,JASA,VG110020AJ104,VULGIS 11.00-20 AJ104,3,750000,2250000,IDR
SO-2607-011,1,011,2026-07-07,Jul,PT. GAYADIA TANGGUH INSANI,PUTRA LUBIS,JAKARTA,VULGIS,VULKANISIR,JASA,VG100020AJ101,VULGIS 10.00-20 AJ101,5,675000,3375000,IDR
SO-2607-011,2,011,2026-07-07,Jul,PT. GAYADIA TANGGUH INSANI,PUTRA LUBIS,JAKARTA,VULGIS,VULKANISIR,JASA,VG1000R20AJ101,VULGIS 10.00R20 AJ101,3,695000,2085000,IDR
SO-2607-012,1,012,2026-07-07,Jul,PT. BUNGA DARU,YONO,SURABAYA,GIS,VULKANISIR,JADI,G1100020AJ101,GIS 10.00-20 AJ101,10,1630000,16300000,IDR
SO-2607-013,1,013,2026-07-07,Jul,PT. SIBA SURYA,PUTRA,SEMARANG,VULGIS,VULKANISIR,JASA,VG110020AJ101,VULGIS 11.00-20 AJ101,8,880000,7040000,IDR
SO-2607-014,1,014,2026-07-07,Jul,GARASI HAJI ULIL,DJOKO,SEMARANG,VULGIS,VULKANISIR,JASA,VG100020AJ101,VULGIS 10.00-20 AJ101,7,735000,5145000,IDR
SO-2607-015,1,015,2026-07-08,Jul,PT. TRI DOMINIC,YONO,SURABAYA,GIS,VULKANISIR,JADI,G1100020AJ101,GIS 10.00-20 AJ101,3,1625000,4875000,IDR
SO-2607-016,1,016,2026-07-08,Jul,PT. SAMUDERA PERDANA SELARAS,DJOKO,SEMARANG,GIS,VULKANISIR,JADI,G1100020AJ101,GIS 10.00-20 AJ101,20,1620000,32400000,IDR
SO-2607-017,1,017,2026-07-09,Jul,PT. SIBA SURYA,PUTRA,SEMARANG,VULGIS,VULKANISIR,JASA,VG110020AJ101,VULGIS 11.00-20 AJ101,6,880000,5280000,IDR
SO-2607-017,2,017,2026-07-09,Jul,PT. SIBA SURYA,PUTRA,SEMARANG,VULGIS,VULKANISIR,JASA,VG31580R225AJ104,VULGIS 315/80R22.5 AJ104,4,1180000,4720000,IDR
SO-2607-018,1,018,2026-07-10,Jul,PT. BUNGA DARU,YONO,SURABAYA,GIS,VULKANISIR,JADI,G1100020AJ101,GIS 10.00-20 AJ101,10,1630000,16300000,IDR
SO-2607-019,1,019,2026-07-10,Jul,ARTO MORO ANUGERAH LAUTAN,AHMAD,SEMARANG,VULGIS,VULKANISIR,JASA,VG110020AJ101,VULGIS 11.00-20 AJ101,1,970000,970000,IDR
SO-2607-020,1,020,2026-07-10,Jul,PT. TUGU BETON SEMESTA ABADI,DJOKO,SEMARANG,GIS,VULKANISIR,JADI,G11000R20AJ101,GIS 10.00R20 AJ101,6,1780000,10680000,IDR
SO-2607-020,2,020,2026-07-10,Jul,PT. TUGU BETON SEMESTA ABADI,DJOKO,SEMARANG,GIS,VULKANISIR,JADI,G11000R20AJ104,GIS 10.00R20 AJ104,4,1780000,7120000,IDR
SO-2607-021,1,021,2026-07-10,Jul,CV. JAYA MANDIRI PUTERA,AHMAD,SEMARANG,GIS,VULKANISIR,JADI,G175016AJ101,GIS 7.50-16 AJ101,6,900000,5400000,IDR
SO-2607-022,1,022,2026-07-10,Jul,PT. EVERWIN LOGISTIC SEJAHTERA,AHMAD,SEMARANG,GIS,VULKANISIR,JADI,G1100020AJ101,GIS 10.00-20 AJ101,5,1775000,8875000,IDR
SO-2607-023,1,023,2026-07-13,Jul,PT. EKA PS,YONO,SURABAYA,GIS,VULKANISIR,JADI,G1110020AJ101,GIS 11.00-20 AJ101,4,1710000,6840000,IDR
SO-2607-024,1,024,2026-07-13,Jul,ADI PAMADI,AHMAD,SEMARANG,GIS,VULKANISIR,JADI,G11000R20AJ104,GIS 10.00R20 AJ104,2,1800000,3600000,IDR
SO-2607-025,1,025,2026-07-13,Jul,PT. KINGKONG IMOET,AHMAD,SEMARANG,GIS,VULKANISIR,JADI,G1100020AJ101,GIS 10.00-20 AJ101,2,1700000,3400000,IDR
SO-2607-026,1,026,2026-07-14,Jul,LARISMA BAN,HANIEF,JAKARTA,VULGIS,VULKANISIR,JASA,VG100020AJ101,VULGIS 10.00-20 AJ101,4,675000,2700000,IDR
SO-2607-026,2,026,2026-07-14,Jul,LARISMA BAN,HANIEF,JAKARTA,VULGIS,VULKANISIR,JASA,VG110020AJ101,VULGIS 11.00-20 AJ101,3,700000,2100000,IDR
SO-2607-026,3,026,2026-07-14,Jul,LARISMA BAN,HANIEF,JAKARTA,VULGIS,VULKANISIR,JASA,VG110020AJ104,VULGIS 11.00-20 AJ104,5,750000,3750000,IDR
SO-2607-027,1,027,2026-07-14,Jul,PT. SIBA SURYA,PUTRA,SEMARANG,VULGIS,VULKANISIR,JASA,VG110020AJ101,VULGIS 11.00-20 AJ101,8,880000,7040000,IDR
SO-2607-028,1,028,2026-07-16,Jul,MIFTAHUL ARIF,AHMAD,SEMARANG,GIS,VULKANISIR,JADI,G1100020AJ101,GIS 10.00-20 AJ101,2,1600000,3200000,IDR
SO-2607-029,1,029,2026-07-16,Jul,SUSANTO,PUTRA,SEMARANG,GIS,VULKANISIR,JADI,G1100020AJ101,GIS 10.00-20 AJ101,6,1600000,9600000,IDR
SO-2607-030,1,030,2026-07-16,Jul,PT. SIBA SURYA,PUTRA,SEMARANG,VULGIS,VULKANISIR,JASA,VG110020AJ101,VULGIS 11.00-20 AJ101,4,880000,3520000,IDR
SO-2607-031,1,031,2026-07-17,Jul,PT. SARANA BARU SANTOSO,DODI,JAKARTA,GIS,VULKANISIR,JADI,G111R225AJ104,GIS 11R22.5 AJ104,4,1695000,6780000,IDR
SO-2607-032,1,032,2026-07-17,Jul,PT. MAHAKARYA BERKAT PUTRA MANDIRI,YONO,SURABAYA,GIS,VULKANISIR,JADI,G1100020AJ101,GIS 10.00-20 AJ101,10,1700000,17000000,IDR
SO-2607-033,1,033,2026-07-20,Jul,LARISMA BAN,HANIEF,JAKARTA,VULGIS,VULKANISIR,JASA,VG110020AJ104,VULGIS 11.00-20 AJ104,5,750000,3750000,IDR
SO-2607-034,1,034,2026-07-20,Jul,PT. GAYADIA TANGGUH INSANI,PUTRA LUBIS,JAKARTA,VULGIS,VULKANISIR,JASA,VG100020AJ101,VULGIS 10.00-20 AJ101,1,675000,675000,IDR
SO-2607-034,2,034,2026-07-20,Jul,PT. GAYADIA TANGGUH INSANI,PUTRA LUBIS,JAKARTA,VULGIS,VULKANISIR,JASA,VG1000R20AJ101,VULGIS 10.00R20 AJ101,2,695000,1390000,IDR
SO-2607-035,1,035,2026-07-20,Jul,PT. EKA PS,YONO,SURABAYA,GIS,VULKANISIR,JADI,G1100020AJ101,GIS 10.00-20 AJ101,2,1675000,3350000,IDR
SO-2607-035,2,035,2026-07-20,Jul,PT. EKA PS,YONO,SURABAYA,GIS,VULKANISIR,JADI,G1110020AJ101,GIS 11.00-20 AJ101,5,1710000,8550000,IDR
SO-2607-036,1,036,2026-07-20,Jul,PT. EKA TRANSPORT,RIO,JAKARTA,GIS,VULKANISIR,JADI,G1100020AJ101,GIS 10.00-20 AJ101,10,1658000,16580000,IDR
SO-2607-037,1,037,2026-07-21,Jul,PT. SIBA SURYA,PUTRA,SEMARANG,VULGIS,VULKANISIR,JASA,VG110020AJ101,VULGIS 11.00-20 AJ101,8,880000,7040000,IDR
SO-2607-038,1,038,2026-07-21,Jul,ADI PAMADI,AHMAD,SEMARANG,VULGIS,VULKANISIR,JASA,VG1000R20AJ104,VULGIS 10.00R20 AJ104,2,900000,1800000,IDR
SO-2607-038,2,038,2026-07-21,Jul,ADI PAMADI,AHMAD,SEMARANG,VULGIS,VULKANISIR,JASA,VG111R225AJ104,VULGIS 11R22.5 AJ104,2,950000,1900000,IDR
SO-2607-039,1,039,2026-07-21,Jul,ADI PAMADI,AHMAD,SEMARANG,GIS,VULKANISIR,JADI,G1100020AJ101,GIS 10.00-20 AJ101,2,1700000,3400000,IDR
SO-2607-039,2,039,2026-07-21,Jul,ADI PAMADI,AHMAD,SEMARANG,GIS,VULKANISIR,JADI,G11000R20AJ104,GIS 10.00R20 AJ104,1,1800000,1800000,IDR
SO-2607-040,1,040,2026-07-22,Jul,PT. EKA PS,YONO,SURABAYA,GIS,VULKANISIR,JADI,G1100020AJ101,GIS 10.00-20 AJ101,2,1675000,3350000,IDR
SO-2607-040,2,040,2026-07-22,Jul,PT. EKA PS,YONO,SURABAYA,GIS,VULKANISIR,JADI,G1110020AJ101,GIS 11.00-20 AJ101,4,1710000,6840000,IDR
SO-2607-041,1,041,2026-07-23,Jul,PT. SIBA SURYA,PUTRA,SEMARANG,VULGIS,VULKANISIR,JASA,VG110020AJ101,VULGIS 11.00-20 AJ101,7,880000,6160000,IDR
SO-2607-041,2,041,2026-07-23,Jul,PT. SIBA SURYA,PUTRA,SEMARANG,VULGIS,VULKANISIR,JASA,VG31580R225AJ104,VULGIS 315/80R22.5 AJ104,1,1180000,1180000,IDR
SO-2607-042,1,042,2026-07-23,Jul,PT. FOCON INTERLITE SEMARANG 1,AHMAD,SEMARANG,VULGIS,VULKANISIR,JASA,VG175016AJ101,VULGIS 7.50-16 AJ101,2,670000,1340000,IDR
SO-2607-042,2,042,2026-07-23,Jul,PT. FOCON INTERLITE SEMARANG 1,AHMAD,SEMARANG,VULGIS,VULKANISIR,JASA,VG1100R20AJ104,VULGIS 11.00R20 AJ104,2,1035000,2070000,IDR
SO-2607-043,1,043,2026-07-23,Jul,PT. BARRA AKSATA JAYA,ARIF,JAKARTA,GIS,VULKANISIR,JADI,G1100020AJ101,GIS 10.00-20 AJ101,4,1625000,6500000,IDR
SO-2607-044,1,044,2026-07-24,Jul,ARTO MORO ANUGERAH LAUTAN,AHMAD,SEMARANG,GIS,VULKANISIR,JADI,G1110020AJ101,GIS 11.00-20 AJ101,2,1700000,3400000,IDR
SO-2607-045,1,045,2026-07-24,Jul,GARASI HAJI ULIL,DJOKO,SEMARANG,VULGIS,VULKANISIR,JASA,VG100020AJ101,VULGIS 10.00-20 AJ101,6,735000,4410000,IDR
SO-2607-045,2,045,2026-07-24,Jul,GARASI HAJI ULIL,DJOKO,SEMARANG,VULGIS,VULKANISIR,JASA,VG110020AJ101,VULGIS 11.00-20 AJ101,1,770000,770000,IDR
SO-2607-046,1,046,2026-07-24,Jul,PT. MAJU PUTRA MANDIRI,AHMAD,SEMARANG,VULGIS,VULKANISIR,JASA,VG175016AJ101,VULGIS 7.50-16 AJ101,8,687000,5496000,IDR
SO-2607-046,2,046,2026-07-24,Jul,PT. MAJU PUTRA MANDIRI,AHMAD,SEMARANG,VULGIS,VULKANISIR,JASA,VG190020AJ101,VULGIS 9.00-20 AJ101,1,900000,900000,IDR
SO-2607-047,1,047,2026-07-24,Jul,PT. BUNGA DARU,YONO,SURABAYA,GIS,VULKANISIR,JADI,G1100020AJ101,GIS 10.00-20 AJ101,4,1630000,6520000,IDR
SO-2607-048,1,048,2026-07-24,Jul,PT. EKA PS,YONO,SURABAYA,GIS,VULKANISIR,JADI,G1100020AJ101,GIS 10.00-20 AJ101,5,1675000,8375000,IDR
SO-2607-048,2,048,2026-07-24,Jul,PT. EKA PS,YONO,SURABAYA,GIS,VULKANISIR,JADI,G1110020AJ101,GIS 11.00-20 AJ101,3,1710000,5130000,IDR
SO-2607-059,1,059,2026-07-24,Jul,PT. EKA PS,YONO,SURABAYA,GIS,VULKANISIR,JADI,G1100020AJ101,GIS 10.00-20 AJ101,2,1675000,3350000,IDR
SO-2607-059,2,059,2026-07-24,Jul,PT. EKA PS,YONO,SURABAYA,GIS,VULKANISIR,JADI,G1110020AJ101,GIS 11.00-20 AJ101,4,1710000,6840000,IDR
SO-2607-049,1,049,2026-07-27,Jul,PT. TRI DOMINIC,YONO,SURABAYA,GIS,VULKANISIR,JADI,G1100020AJ101,GIS 10.00-20 AJ101,4,1625000,6500000,IDR
SO-2607-050,1,050,2026-07-27,Jul,PT. TUGU BETON SEMESTA ABADI,DJOKO,SEMARANG,GIS,VULKANISIR,JADI,G11000R20AJ101,GIS 10.00R20 AJ101,10,1780000,17800000,IDR
SO-2607-050,2,050,2026-07-27,Jul,PT. TUGU BETON SEMESTA ABADI,DJOKO,SEMARANG,GIS,VULKANISIR,JADI,G11000R20AJ104,GIS 10.00R20 AJ104,20,1780000,35600000,IDR
SO-2607-051,1,051,2026-07-28,Jul,PT. SIBA SURYA,PUTRA,SEMARANG,VULGIS,VULKANISIR,JASA,VG110020AJ101,VULGIS 11.00-20 AJ101,7,880000,6160000,IDR
SO-2607-051,2,051,2026-07-28,Jul,PT. SIBA SURYA,PUTRA,SEMARANG,VULGIS,VULKANISIR,JASA,VG31580R225AJ104,VULGIS 315/80R22.5 AJ104,3,1180000,3540000,IDR
SO-2607-052,1,052,2026-07-29,Jul,TOKO BAN HARIANJA,PUTRA LUBIS,JAKARTA,VULGIS,VULKANISIR,JASA,VG175016AJ101,VULGIS 7.50-16 AJ101,2,531000,1062000,IDR
SO-2607-052,2,052,2026-07-29,Jul,TOKO BAN HARIANJA,PUTRA LUBIS,JAKARTA,VULGIS,VULKANISIR,JASA,VG1750R16AJ101,VULGIS 7.50R16 AJ101,4,541000,2164000,IDR
SO-2607-052,3,052,2026-07-29,Jul,TOKO BAN HARIANJA,PUTRA LUBIS,JAKARTA,VULGIS,VULKANISIR,JASA,VG100020AJ101,VULGIS 10.00-20 AJ101,12,696000,8352000,IDR
SO-2607-052,4,052,2026-07-29,Jul,TOKO BAN HARIANJA,PUTRA LUBIS,JAKARTA,VULGIS,VULKANISIR,JASA,VG1000R20AJ101,VULGIS 10.00R20 AJ101,3,724000,2172000,IDR
SO-2607-053,1,053,2026-07-30,Jul,PT. IRWAN TRANSSERVIS SOLUSI,PUTRA LUBIS,JAKARTA,GIS,VULKANISIR,JADI,G1110020AJ101,GIS 11.00-20 AJ101,14,1760000,24640000,IDR
SO-2607-054,1,054,2026-07-30,Jul,ADI PAMADI,AHMAD,SEMARANG,VULGIS,VULKANISIR,JASA,VG100020AJ101,VULGIS 10.00-20 AJ101,3,900000,2700000,IDR
SO-2607-055,1,055,2026-07-30,Jul,PT. SIBA SURYA,PUTRA,SEMARANG,VULGIS,VULKANISIR,JASA,VG110020AJ101,VULGIS 11.00-20 AJ101,7,880000,6160000,IDR
SO-2607-055,2,055,2026-07-30,Jul,PT. SIBA SURYA,PUTRA,SEMARANG,VULGIS,VULKANISIR,JASA,VG31580R225AJ104,VULGIS 315/80R22.5 AJ104,3,1180000,3540000,IDR
SO-2607-056,1,056,2026-07-30,Jul,PT. KUALA DELI TRANS,YUSUF,JAKARTA,GIS,VULKANISIR,JADI,G1110020LL220,GIS 11.00-20 LL220,10,1760000,17600000,IDR
SO-2607-057,1,057,2026-07-30,Jul,PT. MAHAKARYA BERKAT PUTRA MANDIRI,YONO,SURABAYA,GIS,VULKANISIR,JADI,G1100020AJ101,GIS 10.00-20 AJ101,10,1700000,17000000,IDR
SO-2607-058,1,058,2026-07-30,Jul,PT. KUALA DELI TRANS,YUSUF,JAKARTA,GIS,VULKANISIR,JADI,G1110020LL220,GIS 11.00-20 LL220,10,1760000,17600000,IDR
