so_no,destination,gudang
SO-2601-001,SURABAYA,SBY
SO-2601-002,SURABAYA,SBY
SO-2601-003,SURABAYA,SBY
SO-2601-004,JAKARTA,KRW
SO-2601-005,SEMARANG,SMG
SO-2601-006,SURABAYA,SBY
SO-2601-007,SURABAYA,SBY
SO-2601-008,SEMARANG,SMG
SO-2601-009,SURABAYA,SBY
SO-2601-010,SURABAYA,SBY
SO-2601-011,SEMARANG,SMG
SO-2601-012,JAKARTA,KRW
SO-2601-013,SEMARANG,SMG
SO-2601-014,SURABAYA,SBY
SO-2601-015,SEMARANG,SMG
SO-2601-016,SURABAYA,SBY
SO-2601-017,SURABAYA,SBY
SO-2601-018,SEMARANG,SMG
SO-2601-019,SURABAYA,SBY
SO-2601-020,SURABAYA,SBY
SO-2601-021,SEMARANG,SMG
SO-2601-022,JAKARTA,KRW
SO-2601-023,SEMARANG,SMG
SO-2601-024,SEMARANG,SMG
SO-2601-025,JAKARTA,KRW
SO-2601-026,SEMARANG,SMG
SO-2601-027,JAKARTA,KRW
SO-2601-028,JAKARTA,KRW
SO-2601-029,SURABAYA,SBY
SO-2601-030,SURABAYA,SBY
SO-2601-031,SEMARANG,SMG
SO-2601-032,SURABAYA,SBY
SO-2601-033,JAKARTA,KRW
SO-2601-034,SURABAYA,SBY
SO-2601-035,SURABAYA,SBY
SO-2601-036,SURABAYA,SBY
SO-2601-037,SEMARANG,SMG
SO-2602-001,SURABAYA,SBY
SO-2602-002,SEMARANG,SMG
SO-2602-003,SURABAYA,SBY
SO-2602-004,SURABAYA,SBY
SO-2602-005,SURABAYA,SBY
SO-2602-006,SEMARANG,SMG
SO-2602-007,SURABAYA,SBY
SO-2602-008,SEMARANG,SMG
SO-2602-009,SURABAYA,SBY
SO-2602-010,SURABAYA,SBY
SO-2602-011,SEMARANG,SMG
SO-2602-012,SURABAYA,SBY
SO-2602-013,JAKARTA,KRW
SO-2602-014,JAKARTA,KRW
SO-2602-015,SEMARANG,SMG
SO-2602-016,SURABAYA,SBY
SO-2602-017,SURABAYA,SBY
SO-2602-018,JAKARTA,KRW
SO-2602-019,JAKARTA,KRW
SO-2602-020,SURABAYA,SBY
SO-2602-021,JAKARTA,KRW
SO-2602-022,SURABAYA,SBY
SO-2602-023,SURABAYA,SBY
SO-2602-024,SURABAYA,SBY
SO-2602-025,SURABAYA,SBY
SO-2602-026,SEMARANG,SMG
SO-2602-027,SURABAYA,SBY
SO-2602-028,SEMARANG,SMG
SO-2602-029,SURABAYA,SBY
SO-2602-030,SEMARANG,SMG
SO-2602-031,SURABAYA,SBY
SO-2602-032,SURABAYA,SBY
SO-2602-033,JAKARTA,KRW
SO-2602-034,JAKARTA,KRW
SO-2602-035,JAKARTA,KRW
SO-2602-036,SURABAYA,SBY
SO-2602-037,SEMARANG,SMG
SO-2603-001,SURABAYA,SBY
SO-2603-002,SEMARANG,SMG
SO-2603-003,SURABAYA,SBY
SO-2603-004,SURABAYA,SBY
SO-2603-005,SEMARANG,SMG
SO-2603-006,SEMARANG,SMG
SO-2603-007,SURABAYA,SBY
SO-2603-008,SURABAYA,SBY
SO-2603-009,SEMARANG,SMG
SO-2603-010,JAKARTA,KRW
SO-2603-011,SURABAYA,SBY
SO-2603-012,SEMARANG,SMG
SO-2603-013,SURABAYA,SBY
SO-2603-014,SURABAYA,SBY
SO-2603-015,JAKARTA,KRW
SO-2603-016,SURABAYA,SBY
SO-2603-017,SURABAYA,SBY
SO-2603-018,SURABAYA,SBY
SO-2603-019,SURABAYA,SBY
SO-2603-020,SEMARANG,SMG
SO-2603-021,SURABAYA,SBY
SO-2603-022,SURABAYA,SBY
SO-2604-001,JAKARTA,KRW
SO-2604-002,SURABAYA,SBY
SO-2604-003,SURABAYA,SBY
SO-2604-004,SEMARANG,SMG
SO-2604-005,SURABAYA,SBY
SO-2604-006,SURABAYA,SBY
SO-2604-007,SURABAYA,SBY
SO-2604-008,SURABAYA,SBY
SO-2604-009,SURABAYA,SBY
SO-2604-010,SEMARANG,SMG
SO-2604-011,SURABAYA,SBY
SO-2604-012,JAKARTA,KRW
SO-2604-013,JAKARTA,KRW
SO-2604-014,SEMARANG,SMG
SO-2604-015,SURABAYA,SBY
SO-2604-016,JAKARTA,KRW
SO-2604-017,JAKARTA,KRW
SO-2604-018,SURABAYA,SBY
SO-2604-019,SEMARANG,SMG
SO-2604-020,SEMARANG,SMG
SO-2604-021,JAKARTA,KRW
SO-2604-022,SURABAYA,SBY
SO-2604-023,SURABAYA,SBY
SO-2604-024,SURABAYA,SBY
SO-2604-025,SEMARANG,SMG
SO-2604-026,SEMARANG,SMG
SO-2604-027,SURABAYA,SBY
SO-2604-028,JAKARTA,KRW
SO-2604-029,SEMARANG,SMG
SO-2604-030,SURABAYA,SBY
SO-2604-031,SURABAYA,SBY
SO-2604-032,JAKARTA,KRW
SO-2604-033,SEMARANG,SMG
SO-2604-034,JAKARTA,KRW
SO-2604-035,JAKARTA,KRW
SO-2604-036,SURABAYA,SBY
SO-2604-037,SEMARANG,SMG
SO-2604-038,SEMARANG,SMG
SO-2604-039,SURABAYA,SBY
SO-2604-040,JAKARTA,KRW
SO-2604-041,JAKARTA,KRW
SO-2604-042,SURABAYA,SBY
SO-2604-043,SEMARANG,SMG
SO-2604-044,SEMARANG,SMG
SO-2604-045,SEMARANG,SMG
SO-2604-046,SURABAYA,SBY
SO-2605-001,SEMARANG,SMG
SO-2605-002,SURABAYA,SBY
SO-2605-003,JAKARTA,KRW
SO-2605-004,SEMARANG,SMG
SO-2605-005,SURABAYA,SBY
SO-2605-006,SURABAYA,SBY
SO-2605-007,SURABAYA,SBY
SO-2605-008,SURABAYA,SBY
SO-2605-009,SEMARANG,SMG
SO-2605-010,SEMARANG,SMG
SO-2605-011,SEMARANG,SMG
SO-2605-012,JAKARTA,KRW
SO-2605-013,SEMARANG,SMG
SO-2605-014,SURABAYA,SBY
SO-2605-015,SEMARANG,SMG
SO-2605-016,SURABAYA,SBY
SO-2605-017,SEMARANG,SMG
SO-2605-018,SEMARANG,SMG
SO-2605-019,SURABAYA,SBY
SO-2605-020,SURABAYA,SBY
SO-2605-021,JAKARTA,KRW
SO-2605-022,SEMARANG,SMG
SO-2605-023,SURABAYA,SBY
SO-2605-024,SURABAYA,SBY
SO-2605-025,SEMARANG,SMG
SO-2605-026,JAKARTA,KRW
SO-2605-027,JAKARTA,KRW
SO-2605-028,SEMARANG,SMG
SO-2605-029,SEMARANG,SMG
SO-2605-030,SURABAYA,SBY
SO-2605-031,SEMARANG,SMG
SO-2605-032,SURABAYA,SBY
SO-2605-033,SEMARANG,SMG
SO-2605-034,SURABAYA,SBY
SO-2605-035,SEMARANG,SMG
SO-2605-036,SURABAYA,SBY
SO-2605-037,SURABAYA,SBY
SO-2605-038,JAKARTA,KRW
SO-2606-001,JAKARTA,KRW
SO-2606-002,JAKARTA,KRW
SO-2606-003,SEMARANG,SMG
SO-2606-004,SEMARANG,SMG
SO-2606-005,SEMARANG,SMG
SO-2606-006,SURABAYA,SBY
SO-2606-007,SEMARANG,SMG
SO-2606-008,SURABAYA,SBY
SO-2606-009,SEMARANG,SMG
SO-2606-010,JAKARTA,KRW
SO-2606-011,JAKARTA,KRW
SO-2606-012,SEMARANG,SMG
SO-2606-013,SEMARANG,SMG
SO-2606-014,SURABAYA,SBY
SO-2606-015,SURABAYA,SBY
SO-2606-016,SEMARANG,SMG
SO-2606-017,SEMARANG,SMG
SO-2606-018,JAKARTA,KRW
SO-2606-019,SURABAYA,SBY
SO-2606-020,JAKARTA,KRW
SO-2606-021,SEMARANG,SMG
SO-2606-022,SEMARANG,SMG
SO-2606-023,SURABAYA,SBY
SO-2606-024,JAKARTA,KRW
SO-2606-025,SURABAYA,SBY
SO-2606-026,SEMARANG,SMG
SO-2606-027,SURABAYA,SBY
SO-2606-028,JAKARTA,KRW
SO-2606-029,JAKARTA,KRW
SO-2606-030,SEMARANG,SMG
SO-2606-031,SEMARANG,SMG
SO-2606-032,SEMARANG,SMG
SO-2606-033,SEMARANG,SMG
SO-2606-034,SURABAYA,SBY
SO-2606-035,SEMARANG,SMG
SO-2606-036,SURABAYA,SBY
SO-2606-037,JAKARTA,KRW
SO-2606-038,SEMARANG,SMG
SO-2606-039,SURABAYA,SBY
SO-2606-040,SEMARANG,SMG
SO-2606-041,SEMARANG,SMG
SO-2606-042,SURABAYA,SBY
SO-2606-043,JAKARTA,KRW
SO-2606-044,SEMARANG,SMG
SO-2606-045,JAKARTA,KRW
SO-2606-046,JAKARTA,KRW
SO-2606-047,SEMARANG,SMG
SO-2606-048,SURABAYA,SBY
SO-2606-049,SEMARANG,SMG
SO-2607-001,SURABAYA,SBY
SO-2607-002,SEMARANG,SMG
SO-2607-003,SURABAYA,SBY
SO-2607-004,SEMARANG,SMG
SO-2607-005,SEMARANG,SMG
SO-2607-006,SURABAYA,SBY
SO-2607-007,SEMARANG,SMG
SO-2607-008,SURABAYA,SBY
SO-2607-009,JAKARTA,KRW
SO-2607-010,JAKARTA,KRW
SO-2607-011,JAKARTA,KRW
SO-2607-012,SURABAYA,SBY
SO-2607-013,SEMARANG,SMG
SO-2607-014,SEMARANG,SMG
SO-2607-015,SURABAYA,SBY
SO-2607-016,SEMARANG,SMG
SO-2607-017,SEMARANG,SMG
SO-2607-018,SURABAYA,SBY
SO-2607-019,SEMARANG,SMG
SO-2607-020,SEMARANG,SMG
SO-2607-021,SEMARANG,SMG
SO-2607-022,SEMARANG,SMG
SO-2607-023,SURABAYA,SBY
SO-2607-024,SEMARANG,SMG
SO-2607-025,SEMARANG,SMG
SO-2607-026,JAKARTA,KRW
SO-2607-027,SEMARANG,SMG
SO-2607-028,SEMARANG,SMG
SO-2607-029,SEMARANG,SMG
SO-2607-030,SEMARANG,SMG
SO-2607-031,JAKARTA,KRW
SO-2607-032,SURABAYA,SBY
SO-2607-033,JAKARTA,KRW
SO-2607-034,JAKARTA,KRW
SO-2607-035,SURABAYA,SBY
SO-2607-036,JAKARTA,KRW
SO-2607-037,SEMARANG,SMG
SO-2607-038,SEMARANG,SMG
SO-2607-039,SEMARANG,SMG
SO-2607-040,SURABAYA,SBY
SO-2607-041,SEMARANG,SMG
SO-2607-042,SEMARANG,SMG
SO-2607-043,JAKARTA,KRW
SO-2607-044,SEMARANG,SMG
SO-2607-045,SEMARANG,SMG
SO-2607-046,SEMARANG,SMG
SO-2607-047,SURABAYA,SBY
SO-2607-048,SURABAYA,SBY
SO-2607-049,SURABAYA,SBY
SO-2607-050,SEMARANG,SMG
SO-2607-051,SEMARANG,SMG
SO-2607-052,JAKARTA,KRW
SO-2607-053,JAKARTA,KRW
SO-2607-054,SEMARANG,SMG
SO-2607-055,SEMARANG,SMG
SO-2607-056,JAKARTA,KRW
SO-2607-057,SURABAYA,SBY
SO-2607-058,JAKARTA,KRW
SO-2607-059,SURABAYA,SBY
